ElArea_Id	SupArea_Name	St1_CAPEX	St1_OPEX_OG	St1_Emissions_OG	St1_U_OnGrid	St1_OnGrid	St2_CAPEX	St2_OPEX_OG	St2_Emissions_OG	St2_U_OnGrid	St2_OnGrid	St3_CAPEX	St3_OPEX_OG	St3_Emissions_OG	St3_U_OnGrid	St3_OnGrid	St4_CAPEX	St4_OPEX_OG	St4_Emissions_OG	St4_U_OnGrid	St4_OnGrid
1	Airport_15	0.0093	0	0	0	0	0.0093	0	0	0	0	0.0621	0	0	0	0	0.0621	0	0	0	0
2	BIA_2_15	0.1115	0	0	0.1416	0	0.1071	0	0	0	0	0.1428	0.5279	0.5	0	0	0.1428	0.5279	0.5	0	0
3	Birembo_15	2.26	0.8638	0.0244	0.6169	1	0.6934	0	0	0.9999	1	0.5297	0	0	0.9996	1	0.8961	0	0	0.9999	1
4	Bugarama_15	0.6411	0	0	0.1018	0.875	0.2272	0	0	0.9996	0.3815	0.3055	0	0	0.9982	0.667	0.4189	0	0	0.9991	0.5999
5	Bugesera_15	0.1965	0	0	0.34	0.8333	0.1437	0.5486	0.52	0	0	0.1494	0.8218	0.52	0	0	0.2263	0.5133	0.5	0	0
6	Bugesera_HS0_15	0.0245	0	0	0.987	0	0.0227	0	0	0.9942	0	0.0412	0	0	0.9743	0	0.0518	0	0	0.9743	0
7	Bugesera_HS10_15	0.4434	0	0	0.0557	0.3778	0.9374	0	0	0	0	0.2445	0	0	0.9877	0.7621	0.5905	0.4752	0.49	0	0
8	Bugesera_HS11_15	0.4971	1.1981	0	0.2938	0.1667	1.1283	0	0	0	0	0.47	0	0	0.951	0.7491	0.5474	0	0	0.9588	0.2118
9	Bugesera_HS12_15	0.5061	0	0	0.1222	0	0.87	0	0	0	0	0.2841	0	0	1	0.2877	0.3588	0	0	1	0.1231
10	Bugesera_HS13_15	1.0145	0.9176	0.0028	0.3823	0.7491	0.2876	0	0	0.9978	0.313	0.3096	0	0	0.9829	0.9441	0.4489	0	0	0.9835	0.6828
11	Bugesera_HS14_15	0.4224	0	0	0.1061	0	0.489	0	0	0	0	0.2516	0	0	0.9712	0	0.3014	0	0	0.9712	0
12	Bugesera_HS15_15	0.3786	0.3093	0	0.1682	0	0.49	0	0	0	0	0.3628	0	0	0.9891	0.1162	0.426	0	0	0.9893	0.012
13	Bugesera_HS16_15	2.0809	0.6047	0.0284	0.2171	0.777	0.9623	0.4004	0.53	0.7309	0.3786	0.8059	0.4411	0.34	0.9471	0.9737	1.3616	0.3686	0.51	0.7293	0.8085
14	Bugesera_HS17_15	0.8632	0.4435	0	0.2414	0.5049	0.4368	0	0	0.9943	0.0939	0.5144	0	0	0.9802	0.927	0.6535	0	0	0.9911	0.5171
15	Bugesera_HS1_15	1.2303	0.5251	0.0079	0.2458	0.8321	0.5135	0	0	0.9932	0.1103	0.6654	0	0	0.9831	0.9227	0.8979	0	0	0.9871	0.6072
16	Bugesera_HS2_15	0.5084	0.3388	0.01	0.0393	0	0.6666	0	0	0	0	0.3434	0	0	0.9896	0.1862	0.4052	0	0	0.989	0.041
17	Bugesera_HS3_15	1.4748	0.7352	0.0023	0.2339	0.7493	0.318	0	0	0.9977	0.0929	0.5004	0.4719	0.51	0.5364	0.9293	0.623	0.425	0.5	0.6877	0.6741
18	Bugesera_HS4_15	1.7258	0.6411	0.0056	0.6438	0.9413	0.4798	0	0	0.9972	0.7036	0.4425	0	0	0.9886	0.9399	0.6609	0	0	0.9943	0.8663
19	Bugesera_HS5_15	2.159	0.3306	0	0.1378	0.0003	2.1493	0	0	0.3942	0	0.8802	0	0	0.9979	0.0736	1.1351	0	0	0.998	0.0393
20	Bugesera_HS6_15	1.9714	0.5732	0.1229	0.418	0.6233	0.6479	0	0	0.9961	0.1324	0.8588	0	0	0.9871	0.7026	1.0997	0	0	0.9904	0.3861
21	Bugesera_HS7_15	0.8639	0.469	0	0.4193	0.796	0.2635	0	0	0.9982	0.1376	0.3794	0	0	0.9967	0.816	0.4529	0	0	0.9973	0.2322
22	Bugesera_HS8_15	0.7298	0.6121	0.007	0.6092	0.9174	0.3817	0	0	0.9934	0.2283	0.572	0	0	0.9737	0.6276	0.7085	0	0	0.9784	0.4215
23	Bugesera_HS9_15	1.1684	0.257	0	0.7307	0.2891	0.6975	0	0	0.9969	0.036	1.0171	0	0	0.9893	0.4008	1.3333	0	0	0.9953	0.2274
24	Bugesera_IP_15	1.2558	0.7306	0	0.2497	0.1637	0.482	0	0	0.9967	0.1001	0.6415	0	0	0.9957	0.8966	0.862	0	0	0.9953	0.4201
25	Burera_HS0_15	0.6245	0	0	0.2059	0	0.787	0	0	0	0	0.4625	0	0	0.9974	0	0.5685	0	0	0.9974	0
26	Burera_HS10_15	0.3112	0	0	0.4579	0	0.5124	0	0	0	0	0.4175	0	0	0.9741	0.1461	0.4867	0	0	0.9757	0.048
27	Burera_HS11_15	0.5181	0	0	0.5747	0	0.7817	0	0	0	0	0.4909	0	0	0.9987	0	0.6077	0	0	0.9987	0
28	Burera_HS12_15	0.1753	0	0	0.4174	0	0.2408	0	0	0	0	0.1791	0	0	0.9978	0	0.2192	0	0	0.9978	0
29	Burera_HS13_15	0.3042	0	0	0.5935	0	0.4075	0	0	0	0	0.3177	0	0	0.9873	0	0.3706	0	0	0.9873	0
30	Burera_HS14_15	0.2621	0	0	0.5205	0	0.2968	0	0	0	0	0.3706	0.4716	0.49	0	0	0.3706	0.4716	0.49	0	0
31	Burera_HS1_15	0.9515	0	0	0.2555	0.1964	1.3094	0	0	0	0	0.7388	0	0	0.9939	0.1576	0.9064	0	0	0.9941	0.0388
32	Burera_HS2_15	1.1134	0.5413	0	0.4931	0	1.6768	0	0	0	0	0.831	0	0	0.9963	0.0323	1.0228	0	0	0.9963	0.0094
33	Burera_HS3_15	0.7383	0	0	0.2205	0	0.9052	0	0	0	0	0.5584	0	0	0.9832	0	0.658	0	0	0.9832	0
34	Burera_HS4_15	1.136	0.574	0	0.3679	0.313	0.541	0	0	0.9959	0.0389	0.8149	0	0	0.9874	0.7636	1.0229	0	0	0.99	0.2739
35	Burera_HS5_15	0.2822	0	0	0.5121	0.0452	0.3788	0	0	0	0	0.3435	0.4417	0.49	0	0	0.3518	0.436	0.49	0	0
36	Burera_HS6_15	0.6858	0	0	0.347	0.0308	0.975	0	0	0	0	0.5974	0	0	0.9945	0.1818	0.7259	0	0	0.9939	0.031
37	Burera_HS7_15	1.4269	0.3198	0	0.318	0.3542	0.8222	0	0	0.997	0.0652	1.1653	0	0	0.9899	0.8495	1.5428	0	0	0.9919	0.366
38	Burera_HS8_15	0.1608	0	0	0.3564	0	0.1735	0	0	0	0	0.2266	0.5316	0.5	0	0	0.2266	0.5316	0.5	0	0
39	Burera_HS9_15	0.3622	0	0	0.3378	0	0.4808	0	0	0	0	0.3838	0	0	0.9971	0	0.4719	0	0	0.9971	0
40	Camp_Belge_15	2.3269	0.5131	0.0098	0.7922	1	0.8079	0	0	0.9999	0.9576	0.7396	0	0	0.9999	0.9944	1.1931	0	0	0.9996	0.9872
41	Gabiro_15	0.3662	0	0	0.2325	0.809	0.1419	0.5982	0.6	0	0	0.2186	0.5389	0.58	0	0	0.2773	0.4369	0.56	0	0
42	Gahanga_15	1.572	0.8967	0.0047	0.4613	0.9921	0.7035	0.3162	0.49	0.6681	0.9828	0.2831	0	0	0.9968	0.9994	0.9238	0.321	0.5023	0.4571	0.9934
43	Gakenke_HS0_15	0.3188	0	0	0.4161	0	0.3596	0	0	0	0	0.3829	0.5316	0.5	0	0	0.3832	0.5307	0.5	0	0
44	Gakenke_HS10_15	0.3854	0	0	0.0785	0	0.4138	0	0	0	0	0.1177	0	0	0.9984	0	0.1314	0	0	0.9984	0
45	Gakenke_HS11_15	0.5425	0.315	0.01	0.1969	0	0.7424	0	0	0	0	0.3952	0	0	0.9862	0.3463	0.4464	0	0	0.9868	0.0512
46	Gakenke_HS12_15	0.2301	0	0	0.4264	0	0.2547	0	0	0	0	0.2982	0.5118	0.5	0	0	0.2982	0.5118	0.5	0	0
47	Gakenke_HS13_15	0.1345	0	0	0.5611	0	0.1669	0	0	0	0	0.2117	0.5361	0.5	0	0	0.212	0.5349	0.5	0	0
48	Gakenke_HS14_15	0.3963	0	0	0.4436	0	0.5177	0	0	0	0	0.3644	0	0	0.9746	0	0.4083	0	0	0.9746	0
49	Gakenke_HS15_15	0.3921	0	0	0.2847	0	0.4808	0	0	0	0	0.2844	0	0	0.9924	0.0032	0.3272	0	0	0.9924	0.0007
50	Gakenke_HS16_15	0.6127	0	0	0.2776	0	0.7106	0	0	0	0	0.5546	0	0	0.9835	0	0.6271	0	0	0.9835	0
51	Gakenke_HS17_15	0.2359	0	0	0.491	0	0.2729	0	0	0	0	0.4054	0.5495	0.48	0	0	0.4054	0.5495	0.48	0	0
52	Gakenke_HS18_15	0.3033	0.2589	0	0.1116	0	0.3061	0	0	0	0	0.3842	0.5552	0.49	0	0	0.3842	0.5552	0.49	0	0
53	Gakenke_HS19_15	0.3571	1.1949	0	0.7035	0.4589	0.1922	0.8781	0.64	0	0	0.3596	0.5178	0.57	0	0	0.4065	0.4718	0.56	0	0
54	Gakenke_HS1_15	0.6166	0	0	0.7031	0	1.0014	0	0	0	0	0.579	0	0	0.9936	0	0.6806	0	0	0.9936	0
55	Gakenke_HS20_15	0.2199	0	0	0.4654	0	0.2616	0	0	0	0	0.2936	0.5117	0.5	0	0	0.2936	0.5117	0.5	0	0
56	Gakenke_HS21_15	0.3937	0	0	0.1196	0	0.436	0	0	0	0	0.301	0.516	0.61	0	0	0.3041	0.5126	0.61	0	0
57	Gakenke_HS22_15	0.4386	0	0	0.3432	0	0.5382	0	0	0	0	0.4316	0	0	0.9835	0.0384	0.476	0	0	0.9915	0.0042
58	Gakenke_HS23_15	0.2061	0	0	0.0759	0	0.2335	0	0	0	0	0.1843	0	0	0.9962	0	0.2103	0	0	0.9962	0
59	Gakenke_HS2_15	0.0888	0	0	0.8643	0	0.0892	0.5028	0.17	0	0	0.1452	0.5654	0.56	0	0	0.1452	0.5654	0.56	0	0
60	Gakenke_HS3_15	0.5011	0.4045	0	0.5869	0	0.7779	0	0	0	0	0.3567	0	0	0.9849	0	0.3899	0	0	0.9849	0
61	Gakenke_HS4_15	0.3884	0	0	0.743	0.6176	0.2259	0.795	0.62	0	0	0.395	0.5097	0.56	0	0	0.4748	0.433	0.54	0	0
62	Gakenke_HS5_15	0.304	0	0	0.442	0	0.3725	0	0	0	0	0.2637	0	0	0.9926	0	0.2925	0	0	0.9926	0
63	Gakenke_HS6_15	0.5621	0	0	0.4064	0.1631	0.9773	0	0	0	0	0.4152	0	0	0.978	0.5557	0.4628	0	0	0.9821	0.1357
64	Gakenke_HS7_15	1.0306	0.4106	0.01	0.4555	0.7111	0.7344	0	0	0.7743	0.2693	0.4161	0	0	0.9834	0.6661	0.4761	0	0	0.9866	0.2666
65	Gakenke_HS8_15	0.5566	0	0	0.3971	0	0.635	0	0	0	0	0.5882	0	0	0.9339	0	0.6289	0	0	0.9339	0
66	Gakenke_HS9_15	0.4596	0	0	0.4975	0	0.6642	0	0	0	0	0.3419	0	0	0.9813	0	0.383	0	0	0.9813	0
67	Gasabo_HS0_15	0.5514	0.4591	0.0125	0.825	1	0.2386	0	0	0.9995	1	0.1974	0	0	0.9992	1	0.3273	0	0	0.9995	1
68	Gasabo_HS10_15	0.5551	0.4104	0	0.185	0.1282	0.9531	0	0	0	0	0.3403	0	0	0.9937	0.6446	0.407	0	0	0.9959	0.1616
69	Gasabo_HS11_15	0.5517	0.5058	0	0.2681	0.89	0.2393	0	0	0.9996	0.3557	0.2377	0	0	0.9997	0.9785	0.3575	0	0	0.9969	0.8026
70	Gasabo_HS12_15	1.5275	0.7337	0.0049	0.5092	1	0.4648	0	0	0.9997	1	0.3952	0	0	0.9983	1	0.6549	0	0	0.9997	1
71	Gasabo_HS13_15	1.5221	0.6374	0	0.5125	0.9931	0.4202	0	0	0.9992	0.9754	0.3588	0	0	0.9996	0.9995	0.5824	0	0	1	0.9932
72	Gasabo_HS14_15	1.1643	0.3774	0	0.28	1	0.5167	0.3505	0.5	0.5902	1	0.2479	0	0	0.9991	0.9981	0.6176	0.3477	0.5	0.583	1
73	Gasabo_HS15_15	1.9839	0.4264	0.0019	0.6874	1	0.6	0	0	1	1	0.5086	0	0	1	1	0.8423	0	0	1	1
74	Gasabo_HS16_15	1.6532	0.4452	0.0107	0.6228	1	0.501	0	0	0.9999	1	0.4213	0	0	0.9999	1	0.6999	0	0	0.9999	1
75	Gasabo_HS17_15	1.544	0.5988	0	0.1789	0.8631	0.5603	0	0	0.9955	0.2357	0.5816	0	0	0.9804	0.9575	1.0381	0.3367	0.49	0.7064	0.6323
76	Gasabo_HS18_15	3.0557	0.5507	0.0059	0.3847	1	0.776	0	0	1	1	0.647	0	0	0.9996	1	1.0672	0	0	1	1
77	Gasabo_HS19_15	0.7433	0.519	0.0115	0.7785	1	0.2786	0	0	1	1	0.214	0	0	1	1	0.3683	0	0	1	1
78	Gasabo_HS1_15	0.844	0.6065	0	0.7554	1	0.3119	0	0	1	1	0.2445	0	0	0.9999	1	0.4215	0	0	1	1
79	Gasabo_HS20_15	0.9692	0.8268	0.0213	0.7329	1	0.3642	0	0	0.9999	1	0.294	0	0	0.9998	1	0.4962	0	0	0.9999	1
80	Gasabo_HS21_15	0.5967	0.4495	0.0022	0.8561	1	0.2757	0	0	1	1	0.2012	0	0	1	1	0.352	0	0	1	1
81	Gasabo_HS22_15	0.4641	0.6372	0.0137	0.9197	1	0.2652	0	0	1	1	0.199	0	0	1	1	0.3402	0	0	1	1
82	Gasabo_HS23_15	1.0085	0.3843	0.0043	0.6613	1	0.2714	0	0	0.9999	1	0.1915	0	0	1	1	0.3375	0	0	0.9999	1
83	Gasabo_HS24_15	0.9234	0.4539	0.0124	0.872	1	0.3996	0	0	1	1	0.2961	0	0	1	1	0.4953	0	0	1	1
84	Gasabo_HS25_15	0.3498	0.5468	0	0.2186	0.1793	0.3809	0	0	0	0	0.2732	0.4402	0.51	0	0	0.2808	0.4346	0.51	0	0
85	Gasabo_HS26_15	1.0397	0.4293	0.0023	0.8611	1	0.4953	0	0	1	1	0.3573	0	0	1	1	0.6237	0	0	1	1
86	Gasabo_HS27_15	0.4517	0	0	0.1601	0.2593	0.7044	0	0	0	0	0.3619	0	0	0.9766	0.5297	0.4168	0	0	0.9787	0.0941
87	Gasabo_HS28_15	1.2081	0.7941	0	0.334	1	0.313	0	0	0.9996	1	0.2143	0	0	0.9989	1	0.3672	0	0	0.9996	1
88	Gasabo_HS29_15	0.5157	0.3482	0	0.6679	0	0.8383	0	0	0	0	0.4514	0	0	0.9782	0.0048	0.5073	0	0	0.9783	0.0012
89	Gasabo_HS2_15	0.9265	0.5548	0.0254	0.7314	1	0.357	0	0	0.9987	1	0.2789	0	0	0.9995	1	0.4865	0	0	0.9987	1
90	Gasabo_HS30_15	0.5231	0.565	0	0.207	0.1714	0.7343	0	0	0	0	0.2562	0	0	0.9931	0.5572	0.3013	0	0	0.9948	0.116
91	Gasabo_HS31_15	0.4847	0.4549	0	0.2335	0.2819	0.7751	0	0	0	0	0.4242	0.5437	0.51	0	0	0.4747	0.481	0.49	0	0
92	Gasabo_HS3_15	0.6628	0.415	0	0.861	1	0.3373	0	0	0.9999	1	0.2532	0	0	0.9998	1	0.4388	0	0	0.9999	1
93	Gasabo_HS4_15	1.0309	0.4541	0.0145	0.4255	1	0.2513	0	0	0.9999	1	0.1869	0	0	0.9999	1	0.3197	0	0	0.9999	1
94	Gasabo_HS5_15	0.581	1.2463	0	0.5822	0.7848	0.2204	0	0	1	0.6545	0.194	0	0	1	0.9783	0.3005	0	0	1	0.8731
95	Gasabo_HS6_15	1.0616	0.4937	0.0021	0.6752	0.9937	0.2685	0	0	1	0.9876	0.1895	0	0	0.9998	0.9969	0.3182	0	0	1	0.9955
96	Gasabo_HS7_15	1.5013	0.5692	0.0721	0.2852	0.9591	0.375	0	0	0.9985	0.6002	0.3396	0	0	0.9772	0.9787	0.5161	0	0	0.9939	0.8611
97	Gasabo_HS8_15	2.0094	0.6384	0.0128	0.4609	0.9958	0.4825	0	0	0.9985	0.9571	0.3503	0	0	0.9976	0.9969	0.588	0	0	0.9985	0.987
98	Gasabo_HS9_15	0.3879	0	0	0.3215	0	0.4727	0	0	0	0	0.3791	0	0	0.9647	0.045	0.4218	0	0	0.9662	0.0047
99	Gasogi_15	0.9394	0	0	0.2	0.5896	0.3274	0	0	0.9993	0.1626	0.3347	0	0	0.9972	0.9299	0.4736	0	0	0.997	0.6276
100	Gatsibo_HS0_15	1.3807	0	0	0.6414	0.6874	0.8501	0	0	0.9295	0.0344	0.8627	0	0	0.9877	0.7998	1.0522	0	0	0.9898	0.1267
101	Gatsibo_HS10_15	0.3971	0	0	0.1286	0	0.104	0	0	0.9939	0.0108	0.1455	0	0	0.9978	0.2677	0.1699	0	0	0.9973	0.1102
102	Gatsibo_HS11_15	0.368	0	0	0.3135	0	0.3988	0	0	0	0	0.4326	0.4231	0.5	0	0	0.4326	0.4231	0.5	0	0
103	Gatsibo_HS12_15	0.3703	0	0	0.1935	0	0.4244	0	0	0	0	0.2353	0	0	0.9916	0	0.2551	0	0	0.9916	0
104	Gatsibo_HS13_15	0.3885	0	0	0.3504	0	0.4635	0	0	0	0	0.3026	0	0	0.991	0	0.3346	0	0	0.991	0
105	Gatsibo_HS14_15	0.1547	0	0	0	0	0.1636	0	0	0	0	0.0475	0	0	0.9989	0	0.056	0	0	0.9989	0
106	Gatsibo_HS15_15	0.6574	0	0	0.2094	0.2464	0.2987	0	0	0.9924	0.0389	0.4138	0	0	0.9962	0.775	0.6828	0.4371	0.5	0.5788	0.0953
107	Gatsibo_HS16_15	0.6033	0	0	0.0826	0	0.9347	0	0	0	0	0.4124	0	0	0.9896	0.729	0.474	0	0	0.9908	0.1652
108	Gatsibo_HS17_15	0.7626	0	0	0.1449	0	1.0646	0	0	0	0	0.8395	0.4254	0.49	0.6923	0.2189	0.9603	0.4078	0.48	0.6837	0.0271
109	Gatsibo_HS18_15	0.6116	0	0	0.25	0.0142	1.2724	0	0	0	0	0.5631	0	0	0.9625	0.699	0.6744	0	0	0.9677	0.192
110	Gatsibo_HS19_15	0.7628	0	0	0.201	0.2899	0.353	0	0	0.9965	0.0332	0.5494	0	0	0.99	0.7358	0.6633	0	0	0.9942	0.2259
111	Gatsibo_HS1_15	1.0221	0	0	0.4393	0.055	0.4081	0	0	0.9967	0.086	0.6529	0	0	0.9868	0.627	0.7352	0	0	0.9973	0.2617
112	Gatsibo_HS20_15	1.2954	0	0	0.3668	0.9964	0.3885	0	0	0.9987	0.1651	0.5223	0	0	0.991	0.6987	0.68	0	0	0.9908	0.4197
113	Gatsibo_HS21_15	0.0265	0	0	0	0	0.0265	0	0	0	0	0.1951	0	0	0	0	0.1951	0	0	0	0
114	Gatsibo_HS22_15	0.0096	0	0	0	0	0.0124	0	0	0	0	0.0437	0	0	0.5467	0	0.0465	0	0	0.5467	0
115	Gatsibo_HS23_15	0.0068	0	0	0	0	0.0068	0	0	0	0	0.0503	0	0	0	0	0.0503	0	0	0	0
116	Gatsibo_HS2_15	0.0203	0	0	0	0	0.0271	0	0	0	0	0.0277	0	0	1	0	0.0342	0	0	1	0
117	Gatsibo_HS3_15	0.7293	0	0	0.1036	0	0.7415	0	0	0	0	0.3111	0	0	0.9927	0	0.3466	0	0	0.9927	0
118	Gatsibo_HS4_15	0.6236	0	0	0.0961	0	0.6734	0	0	0	0	0.5726	0	0	0.9567	0	0.6401	0	0	0.9567	0
119	Gatsibo_HS5_15	1.3096	0	0	0.1396	0	1.3657	0	0	0	0	1.0571	0.4416	0.5926	0	0	1.0571	0.4416	0.5926	0	0
120	Gatsibo_HS6_15	0.6662	0	0	0.3812	0	0.8905	0	0	0	0	0.4679	0	0	0.9915	0	0.5381	0	0	0.9915	0
121	Gatsibo_HS7_15	1.1256	0	0	0.2757	0	1.434	0	0	0	0	0.6811	0	0	0.9897	0.0299	0.7923	0	0	0.9898	0.0085
122	Gatsibo_HS8_15	0.8521	0	0	0.3848	0.0229	1.0213	0.6021	0.35	0	0	0.3348	0	0	0.978	0.0921	0.6514	0.4042	0.62	0.215	0
123	Gatsibo_HS9_15	1.1987	0	0	0.1391	0	1.3396	0	0	0	0	0.6012	0	0	0.9866	0	0.675	0	0	0.9866	0
124	Gicumbi_HS0_15	0.6187	0	0	0.049	0	0.6996	0	0	0	0	0.412	0	0	0.9836	0	0.483	0	0	0.9836	0
125	Gicumbi_HS10_15	0.5348	0	0	0.2877	0	0.5652	0	0	0	0	0.6371	0.5147	0.5	0	0	0.6371	0.5147	0.5	0	0
126	Gicumbi_HS11_15	0.2198	0	0	0.211	0	0.2147	0	0	0	0	0.2968	0.5181	0.49	0	0	0.2968	0.5181	0.49	0	0
127	Gicumbi_HS12_15	0.0698	0	0	0.5359	0	0.0887	0	0	0	0	0.1101	0.4979	0.51	0	0	0.1101	0.4979	0.51	0	0
128	Gicumbi_HS13_15	0.0571	0	0	0	0	0.0571	0	0	0	0	0.1054	0.6222	0.5	0	0	0.1054	0.6222	0.5	0	0
129	Gicumbi_HS14_15	0.4323	0.3322	0	0.4008	0.0132	0.5828	0	0	0	0	0.4817	0.5071	0.51	0	0	0.4911	0.4983	0.5	0	0
130	Gicumbi_HS15_15	0.4224	0	0	0.3946	0	0.4552	0	0	0	0	0.4459	0.5597	0.5	0	0	0.4459	0.5597	0.5	0	0
131	Gicumbi_HS16_15	0.7118	0	0	0.4319	0	0.8272	0	0	0	0	0.7456	0.6082	0.49	0.573	0	0.7988	0.6082	0.49	0.573	0
132	Gicumbi_HS17_15	0.2395	0	0	0.5079	0	0.2705	0	0	0	0	0.3533	0.5713	0.5	0	0	0.3533	0.5713	0.5	0	0
133	Gicumbi_HS18_15	0.4678	0	0	0.4394	0	0.5683	0	0	0	0	0.4413	0	0	0.9802	0	0.4933	0	0	0.9802	0
134	Gicumbi_HS19_15	0.4518	0	0	0.2976	0	0.5142	0	0	0	0	0.3593	0	0	0.99	0	0.4172	0	0	0.99	0
135	Gicumbi_HS1_15	0.953	0.3381	0.01	0.5661	0	1.4185	0	0	0	0	0.8736	0	0	0.9846	0	1.0463	0	0	0.9846	0
136	Gicumbi_HS20_15	0.1182	0	0	0.2993	0	0.1221	0	0	0	0	0.2022	0.601	0.5	0	0	0.2022	0.601	0.5	0	0
137	Gicumbi_HS21_15	0.1236	0	0	0.6411	0	0.1552	0	0	0	0	0.998	0	0	0	0	0.998	0	0	0	0
138	Gicumbi_HS22_15	0.3342	0	0	0.4311	0	0.3409	1.7541	0.03	0	0	0.4722	0.4843	0.506	0	0	0.4722	0.4843	0.506	0	0
139	Gicumbi_HS2_15	0.736	0	0	0.408	0	1.0082	0	0	0	0	0.4457	0	0	0.9995	0	0.5366	0	0	0.9995	0
140	Gicumbi_HS3_15	0.6732	0.9098	0	0.2203	0	0.7812	0	0	0	0	0.4463	0	0	0.9678	0	0.5056	0	0	0.9678	0
141	Gicumbi_HS4_15	0.5105	0	0	0.38	0	0.6721	0	0	0	0	0.2564	0	0	0.9795	0	0.2756	0	0	0.9795	0
142	Gicumbi_HS5_15	0.317	0	0	0.5981	0	0.4593	0	0	0	0	0.3841	0.5332	0.55	0	0	0.3841	0.5332	0.55	0	0
143	Gicumbi_HS6_15	0.5788	0	0	0.1817	0	0.6767	0	0	0	0	0.3276	0	0	0.994	0	0.3845	0	0	0.994	0
144	Gicumbi_HS7_15	0.5377	0	0	0.4702	0	0.6209	0	0	0.3202	0	0.4281	0	0	0.9775	0	0.4815	0	0	0.9775	0
145	Gicumbi_HS8_15	0.5563	0.3329	0	0.3969	0	0.6898	0	0	0	0	0.3971	0	0	0.9951	0	0.4404	0	0	0.9951	0
146	Gicumbi_HS9_15	0.4812	0	0	0.2876	0	0.6026	0	0	0	0	0.4157	0	0	0.9882	0	0.4836	0	0	0.9882	0
147	Gicumbi_SS_15	1.4951	0.4323	0.0055	0.7497	0.3088	0.5824	0	0	0.9954	0.108	0.8912	0	0	0.9878	0.3077	1.1216	0	0	0.9875	0.1606
148	Gifurwe_15	0.4036	0	0	0.4866	0	0.6513	0	0	0	0	0.4107	0	0	0.9946	0.2351	0.5086	0	0	0.9884	0.036
149	Gikondo_15	0.4594	0.4879	0.0208	0.7172	1	0.1441	0	0	1	1	0.1131	0	0	1	1	0.1884	0	0	1	1
150	Gisagara_15	0.8273	0	0	0.3332	0	1.0934	0	0	0	0	0.6795	0	0	0.9927	0	0.8189	0	0	0.9927	0
151	Gisagara_HS0_15	1.0102	0	0	0.3296	0	1.3132	0	0	0	0	0.9846	0.4185	0.54	0.6329	0	1.1468	0.4185	0.54	0.6329	0
152	Gisagara_HS10_15	0.7707	0	0	0.0062	0	0.7632	0	0	0	0	0.7739	0.4372	0.5364	0	0	0.7739	0.4372	0.5364	0	0
153	Gisagara_HS11_15	0.2095	0	0	0.2944	0	0.214	0	0	0	0	0.2895	0.4196	0.49	0	0	0.2895	0.4196	0.49	0	0
154	Gisagara_HS1_15	0.7561	0	0	0.0375	0	0.7699	0	0	0	0	0.6422	0.453	0.55	0	0	0.6432	0.4538	0.55	0	0
155	Gisagara_HS2_15	0.9351	0	0	0.1404	0.1818	1.4005	0	0	0	0	0.875	0	0	0.9893	0.2799	1.1042	0	0	0.9873	0.0565
156	Gisagara_HS3_15	0.5006	0	0	0.2829	0	0.5919	0	0	0	0	0.4715	0	0	0.9917	0	0.5393	0	0	0.9917	0
157	Gisagara_HS4_15	0.8084	0	0	0.2583	0	1.0077	0	0	0	0	0.7765	0	0	0.9927	0	0.9512	0	0	0.9927	0
158	Gisagara_HS5_15	0.7389	0	0	0.1236	0.06	0.3708	0	0	0.9875	0.0217	0.552	0	0	0.9907	0.7442	0.6839	0	0	0.9915	0.2166
159	Gisagara_HS6_15	0.5053	0	0	0.021	0	0.679	0	0	0	0	0.4246	0	0	0.9946	0.3007	0.5104	0	0	0.9894	0.0348
160	Gisagara_HS7_15	0.5234	0	0	0.2804	0	0.6982	0	0	0	0	0.5832	0	0	0.9898	0	0.7263	0	0	0.9898	0
161	Gisagara_HS8_15	0.7631	0	0	0.1887	0	0.9009	0	0	0	0	0.7008	0	0	0.9958	0	0.8478	0	0	0.9958	0
162	Gisagara_HS9_15	0.6764	0.4181	0.0115	0.2303	0	0.845	0	0	0	0	0.6724	0	0	0.9817	0	0.7829	0	0	0.9817	0
163	Gishoma_15	0.7431	0	0	0.452	0	0.4542	0	0	0.9946	0.0247	0.6978	0	0	0.9965	0.3746	0.9218	0	0	0.9955	0.1378
164	Huye_15	1.0128	0.4737	0.1569	0.2829	0	0.8314	0	0	0.5222	0	0.755	0.424	0.55	0.3384	0	0.7849	0.424	0.55	0.3384	0
165	Huye_HS0_15	1.1295	0.8871	0.0188	0.895	0.9572	0.6726	0	0	0.9999	0.3689	0.8586	0	0	0.999	0.889	1.2277	0	0	0.9997	0.5694
166	Huye_HS11_15	0.1749	0	0	0.3751	0	0.1988	0	0	0	0	0.1381	0	0	0.9943	0	0.1421	0	0	0.9943	0
167	Huye_HS12_15	0.3605	0	0	0.2012	0	0.3682	0	0	0	0	0.4575	0.466	0.48	0	0	0.4575	0.466	0.48	0	0
168	Huye_HS13_15	1.8764	0.4959	0.0231	0.4888	0.9914	0.7219	0	0	0.9966	0.619	0.8009	0	0	0.983	0.9792	1.1915	0	0	0.9925	0.861
169	Huye_HS14_15	0.938	0.4248	0	0.2678	0.4678	0.2837	0	0	0.9975	0.0727	0.4289	0	0	0.9947	0.6889	0.5109	0	0	0.9968	0.1793
170	Huye_HS15_15	0.3523	0	0	0.7686	0.6667	0.2273	0.6088	0.66	0	0	0.3896	0.4755	0.61	0	0	0.484	0.3907	0.57	0	0
171	Huye_HS1_15	0.1184	0.6716	0.0087	0.3885	1	0.0369	0	0	1	1	0.0347	0	0	0.9994	1	0.0548	0	0	1	1
172	Huye_HS2_15	1.3117	0	0	0.208	0	1.5702	0	0	0	0	0.628	0	0	0.9949	0	0.7356	0	0	0.9949	0
173	Huye_HS3_15	0.9556	0.3969	0.01	0.4015	0	1.241	0	0	0	0	0.6868	0.4959	0.5	0.6723	0	0.7282	0.4959	0.5	0.6723	0
174	Huye_HS4_15	0.6461	0	0	0.3528	0	0.8831	0	0	0	0	0.4538	0	0	0.9925	0	0.5368	0	0	0.9925	0
175	Huye_HS5_15	0.4569	0.3374	0.0069	0.3593	0	0.5505	0	0	0	0	0.3455	0	0	0.999	0	0.3779	0	0	0.999	0
176	Huye_HS6_15	0.5927	0.3719	0.01	0.1609	0	0.7337	0	0	0	0	0.43	0	0	0.9991	0	0.524	0	0	0.9991	0
177	Huye_HS7_15	1.2538	0.4148	0	0.2226	0.6298	0.4466	0	0	0.9981	0.2266	0.6106	0	0	0.9962	0.87	0.8074	0	0	0.9957	0.4304
178	Huye_HS8_15	0.7773	0.8212	0	0.1794	0	1.1879	0	0	0	0	0.4087	0	0	0.9982	0.311	0.6274	0.3845	0.56	0.6299	0
179	Huye_HS9_15	0.7604	0.3059	0	0.2346	0.2632	1.2961	0	0	0	0	0.4079	0	0	0.9969	0.4563	0.4603	0	0	0.9975	0.1158
180	Jabana_I_15	1.002	0.5504	0.0032	0.376	1	0.3378	0	0	0.9993	0.9718	0.2794	0	0	0.9966	0.9993	0.4584	0	0	0.9999	0.995
181	Kabarondo_15	1.2944	0.4074	0	0.1927	0.7663	0.4619	0	0	0.9894	0.1127	0.5567	0	0	0.9939	0.7587	0.7549	0	0	0.9941	0.4528
182	Kamonyi_HS0_15	0.3808	0	0	0.1514	0	0.3943	0	0	0	0	0.3676	0.5076	0.55	0	0	0.3676	0.5076	0.55	0	0
183	Kamonyi_HS10_15	1.2843	0.4467	0.0112	0.4202	0.959	0.5419	0	0	0.9933	0.4272	0.5855	0	0	0.9724	0.9718	0.8842	0	0	0.9815	0.79
184	Kamonyi_HS11_15	0.3749	0	0	0.6447	0	0.5616	0	0	0	0	0.3948	0	0	0.9707	0.0092	0.4483	0	0	0.9708	0.0019
185	Kamonyi_HS12_15	0.6071	0.9722	0	0.275	0.2721	0.3021	0	0	0.9857	0.03	0.472	0	0	0.9807	0.7051	0.5911	0	0	0.9821	0.2239
186	Kamonyi_HS13_15	0.1918	0	0	0.0321	0	0.1941	0	0	0	0	0.1037	0.5134	0.58	0	0	0.1037	0.5134	0.58	0	0
187	Kamonyi_HS14_15	0.4571	0.2579	0	0.3019	0	0.5453	0	0	0	0	0.4263	0	0	0.9932	0	0.4968	0	0	0.9932	0
188	Kamonyi_HS15_15	0.2816	0.3798	0.01	0.3679	0	0.3234	0	0	0	0	0.4357	0.5304	0.49	0	0	0.4357	0.5304	0.49	0	0
189	Kamonyi_HS16_15	1.0714	0.4235	0	0.2722	0.801	0.3946	0	0	0.9964	0.2406	0.4555	0	0	0.9708	0.9485	0.6277	0	0	0.987	0.6676
190	Kamonyi_HS17_15	0.4729	0	0	0.3492	0.023	0.6333	0	0	0	0	0.3571	0	0	0.9881	0.3127	0.4138	0	0	0.9888	0.0455
191	Kamonyi_HS18_15	0.5757	0	0	0.1231	0	0.6364	0	0	0	0	0.3198	0	0	0.9872	0	0.3543	0	0	0.9872	0
192	Kamonyi_HS19_15	0.5694	0.4235	0	0.3263	0.9643	0.2498	0	0	0.9951	0.4597	0.2465	0	0	0.9373	0.9857	0.3781	0	0	0.9751	0.8542
193	Kamonyi_HS1_15	0.9962	0.3043	0	0.2048	0.4263	0.4548	0	0	0.9952	0.0372	0.682	0	0	0.9921	0.6357	0.997	0.4562	0.5	0.6666	0.1407
194	Kamonyi_HS2_15	0.9548	0	0	0.5737	0	0.8414	0	0	0.652	0	0.4306	0	0	0.9933	0	0.5104	0	0	0.9933	0
195	Kamonyi_HS3_15	0.3574	0	0	0.4037	0	0.3899	0	0	0	0	0.4784	0.5838	0.51	0	0	0.4784	0.5838	0.51	0	0
196	Kamonyi_HS4_15	1.1018	0.3967	0.0119	0.3879	0.5556	0.4853	0	0	0.9934	0.1177	0.8224	0	0	0.9631	0.7971	0.9919	0	0	0.9709	0.2987
197	Kamonyi_HS5_15	0.8868	0.5313	0.01	0.4158	0.3086	0.385	0	0	0.992	0.0488	0.736	0.4556	0.55	0.5245	0.7164	0.8673	0.4557	0.55	0.6293	0.3475
198	Kamonyi_HS6_15	0.8564	0	0	0.3586	0.5234	0.4181	0	0	0.9931	0.1671	0.7204	0	0	0.9306	0.8919	0.8725	0	0	0.9519	0.458
199	Kamonyi_HS7_15	0.3577	0	0	0.143	0.3	0.1982	0.7804	0.53	0	0	0.2803	0.5625	0.51	0	0	0.3705	0.4523	0.49	0	0
200	Kamonyi_HS8_15	1.646	0.9798	0.0058	0.5508	0.8985	0.6687	0.3842	0.57	0.7811	0.6423	0.5039	0	0	0.9969	0.9698	0.7776	0	0	0.9986	0.8689
201	Kamonyi_HS9_15	0.4974	0	0	0.125	0.1846	0.806	0	0	0	0	0.3972	0	0	0.9677	0.3629	0.4525	0	0	0.9703	0.0996
202	Karongi_15	0.6378	0	0	0.3742	0	0.8281	0	0	0	0	0.5496	0	0	0.9684	0.0039	0.6367	0	0	0.9687	0.0023
203	Karongi_HS0_15	0.7576	0	0	0.3305	0	1.0179	0	0	0	0	0.4535	0	0	0.9865	0.0456	0.5347	0	0	0.9863	0.0155
204	Karongi_HS10_15	0.2206	0	0	0.1451	0	0.217	0	0	0	0	0.3266	0.719	0.49	0	0	0.3266	0.719	0.49	0	0
205	Karongi_HS11_15	0.1511	0	0	0.083	0	0.2765	0	0	0	0	0.8083	0	0	0	0	0.94	0	0	0	0
206	Karongi_HS12_15	0.5242	0	0	0.2264	0	0.5576	0	0	0	0	3.1215	0	0	0	0	3.1215	0	0	0	0
207	Karongi_HS13_15	0.5701	0	0	0.4678	0.923	0.1266	0	0	0.9972	0.2721	0.2982	0.57	0.67	0	0	0.4209	0.4269	0.62	0	0
208	Karongi_HS14_15	0.1982	0	0	0.1312	0	0.2026	0	0	0	0	0.3263	0.7199	0.5	0	0	0.3263	0.7199	0.5	0	0
209	Karongi_HS15_15	0.3782	0	0	0.0637	0	0.3825	0	0	0	0	0.3885	0.5324	0.54	0	0	0.3885	0.5324	0.54	0	0
210	Karongi_HS16_15	0.3543	0	0	0.2254	0	0.3681	0	0	0	0	0.4704	0.5851	0.5	0	0	0.4704	0.5851	0.5	0	0
211	Karongi_HS17_15	0.1847	0	0	0.2024	0	0.197	0	0	0	0	0.312	0.6839	0.5	0	0	0.312	0.6839	0.5	0	0
212	Karongi_HS1_15	0.5707	0	0	0.1072	0	0.6448	0	0	0	0	0.5563	0	0	0.9508	0	0.6241	0	0	0.9508	0
213	Karongi_HS2_15	0.6651	0	0	0.1009	0	0.7923	0	0	0	0	0.5863	0	0	0.9617	0	0.6849	0	0	0.9617	0
214	Karongi_HS3_15	1.1697	0.4061	0	0.585	0.0328	0.5347	0	0	0.9932	0.0246	0.806	0	0	0.994	0.3534	1.0313	0	0	0.9949	0.1501
215	Karongi_HS4_15	0.5285	0	0	0.0309	0	0.6087	0	0	0	0	0.436	0	0	0.9856	0	0.5216	0	0	0.9856	0
216	Karongi_HS5_15	0.4218	0	0	0.1416	0	0.4771	0	0	0	0	0.4298	0	0	0.9274	0	0.4697	0	0	0.9274	0
217	Karongi_HS6_15	0.3248	0	0	0.339	0	0.4112	0	0	0	0	0.3442	0	0	0.986	0	0.4012	0	0	0.986	0
218	Karongi_HS7_15	0.2359	0	0	0.3676	0	0.2521	0	0	0	0	0.3484	0.6266	0.5	0	0	0.3484	0.6266	0.5	0	0
219	Karongi_HS8_15	0.6904	0	0	0.196	0	0.8346	0	0	0	0	0.5145	0	0	0.9877	0	0.5984	0	0	0.9877	0
220	Karongi_HS9_15	0.6445	1.5347	0	0.4727	0	0.8918	0	0	0	0	0.4204	0	0	0.9901	0.0415	0.5002	0	0	0.9912	0.0117
221	Kayonza_HS0_15	1.2892	0.7066	0	0.1237	0.1295	1.7535	0	0	0	0	0.7889	0.4413	0.49	0.5829	0.5545	1.2358	0.4264	0.5279	0	0
222	Kayonza_HS10_15	0.7207	0	0	0.1792	0.3968	1.3083	0	0	0	0	0.7991	0.4502	0.49	0.6534	0.6992	0.8853	0.4502	0.49	0.6891	0.1515
223	Kayonza_HS11_15	0.2252	0	0	0.0048	0	0.2393	0	0	0	0	0.1046	0	0	1	0	0.1217	0	0	1	0
224	Kayonza_HS12_15	0.1917	0	0	0.2943	0	0.2053	0	0	0	0	0.2642	0.4361	0.49	0	0	0.2642	0.4361	0.49	0	0
225	Kayonza_HS13_15	0.7934	0	0	0.2016	0.0588	1.0709	0	0	0	0	0.6892	0.4184	0.55	0.5626	0	0.7681	0.3887	0.54	0.5341	0
226	Kayonza_HS14_15	0.197	0	0	0.2844	0	0.201	0	0	0	0	0.6377	0.5601	0.4973	0	0	0.6377	0.5601	0.4973	0	0
227	Kayonza_HS15_15	0.5384	0	0	0.6886	0	0.9759	0	0	0	0	0.3779	0	0	0.9993	0	0.456	0	0	0.9993	0
228	Kayonza_HS16_15	0.5176	0.4147	0	0.1015	0.1429	0.9326	0	0	0	0	0.449	0	0	0.9835	0.7215	0.5466	0	0	0.9861	0.155
229	Kayonza_HS17_15	0.7127	0	0	0.0036	0	0.7575	0	0	0	0	0.2589	0	0	0.9988	0	0.3079	0	0	0.9988	0
230	Kayonza_HS18_15	0.0006	0	0	0	0	0.0006	0	0	0	0	0.0067	0	0	0	0	0.0067	0	0	0	0
231	Kayonza_HS1_15	0.3365	0	0	0.7291	0	0.585	0	0	0	0	0.2179	0	0	0.9982	0	0.2477	0	0	0.9982	0
232	Kayonza_HS2_15	1.1404	0.7725	0	0.6847	0.7331	0.3921	0	0	0.9977	0.2452	0.5057	0	0	0.9903	0.8018	0.6352	0	0	0.9929	0.4057
233	Kayonza_HS3_15	1.1969	0.4656	0.034	0.5308	0.6102	0.3664	0	0	0.9913	0.2846	0.4029	0	0	0.9941	0.8695	0.4998	0	0	0.9978	0.5088
234	Kayonza_HS4_15	0.4427	0	0	0.594	0	0.6428	0	0	0	0	0.4675	0	0	0.9702	0	0.529	0	0	0.9702	0
235	Kayonza_HS5_15	0.8924	0.3436	0	0.14	0	0.991	0	0	0	0	0.5715	0	0	0.9932	0	0.6692	0	0	0.9932	0
236	Kayonza_HS6_15	0.7614	0	0	0.5334	0	1.1243	0	0	0	0	0.5885	0	0	0.9818	0.0441	0.6914	0	0	0.9818	0.0069
237	Kayonza_HS7_15	0.1519	0	0	0.0388	0	0.142	0	0	0	0	0.1302	0.3873	0.57	0	0	0.1302	0.3873	0.57	0	0
238	Kayonza_HS8_15	1.0134	0.3286	0	0.0676	0	0.5286	0	0	0.9244	0.87	0.5764	0.4239	0.54	0.3512	0.9957	0.6947	0.4239	0.54	0.6127	0.9315
239	Kayonza_HS9_15	0.6471	0.525	0.0854	0.3466	0	0.9048	0	0	0	0	0.3326	0	0	0.9909	0.0874	0.369	0	0	0.9911	0.0215
240	Kibogora_15	1.3225	0.4502	0	0.4676	0.1616	0.3785	0	0	0.9962	0.1537	0.5334	0	0	0.9802	0.7771	0.5996	0	0	0.986	0.3392
241	Kibuye_15	1.2801	0.5253	0.13	0.2609	0.3655	0.5231	0	0	0.9974	0.1648	0.6827	0	0	0.9963	0.6753	0.919	0	0	0.9972	0.4172
242	Kicukiro_HS0_15	1.5712	0.5979	0.0027	0.6856	1	0.3519	0	0	0.9999	0.9939	0.212	0	0	0.998	0.9998	0.3867	0	0	0.9999	0.998
243	Kicukiro_HS10_15	1.3557	0.4649	0.0096	0.5666	1	0.3692	0	0	1	0.9984	0.2791	0	0	1	0.9999	0.4729	0	0	1	0.9995
244	Kicukiro_HS11_15	1.8091	0.4014	0.0059	0.6663	1	0.5193	0	0	0.9991	1	0.3929	0	0	0.9991	1	0.685	0	0	0.9991	1
245	Kicukiro_HS12_15	0.6323	0.5938	0.0168	0.8483	1	0.2989	0	0	1	1	0.2122	0	0	0.9998	1	0.372	0	0	1	1
246	Kicukiro_HS13_15	0.192	0.9674	0	0.8114	1	0.0984	0	0	1	1	0.0694	0	0	1	1	0.1197	0	0	1	1
247	Kicukiro_HS14_15	1.349	0.4284	0.0108	0.7556	1	0.4234	0	0	0.9993	1	0.287	0	0	1	1	0.5094	0	0	0.9993	1
248	Kicukiro_HS15_15	0.8213	1.0196	0.0046	0.0923	1	0.2392	0	0	0.9991	0.9927	0.1455	0	0	0.9967	0.9999	0.2707	0	0	0.9991	0.9991
249	Kicukiro_HS16_15	0.8165	0.6041	0	0.7416	1	0.2789	0	0	1	1	0.1755	0	0	0.9999	1	0.3254	0	0	1	1
250	Kicukiro_HS17_15	0.9291	0.6531	0.0072	0.6353	1	0.2775	0	0	1	1	0.1704	0	0	0.9998	1	0.3134	0	0	1	1
251	Kicukiro_HS18_15	0.4513	0.5488	0.0143	0.4484	1	0.1226	0	0	1	1	0.0928	0	0	0.9992	1	0.1545	0	0	1	1
252	Kicukiro_HS1_15	1.9898	0.5094	0.0093	0.4458	1	0.4312	0	0	1	1	0.3185	0	0	0.9997	1	0.5521	0	0	1	1
253	Kicukiro_HS2_15	1.1617	0.8599	0.0249	0.3675	1	0.333	0	0	1	1	0.2259	0	0	0.9993	1	0.4007	0	0	1	1
254	Kicukiro_HS3_15	1.766	0.4102	0.0049	0.7265	1	0.4759	0	0	1	1	0.3446	0	0	1	1	0.5977	0	0	1	1
255	Kicukiro_HS4_15	0.7807	0.9765	0.0074	0.8269	1	0.3486	0	0	1	1	0.2282	0	0	0.9999	1	0.4164	0	0	1	1
256	Kicukiro_HS5_15	0.5889	0.7728	0	0.9118	1	0.1999	0	0	1	1	0.1473	0	0	1	1	0.2289	0	0	1	1
257	Kicukiro_HS6_15	0.6855	0.4407	0	0.7406	1	0.2351	0	0	0.9999	1	0.1359	0	0	0.9999	1	0.2574	0	0	0.9999	1
258	Kicukiro_HS7_15	0.9193	0.7226	0	0.4911	0.9719	0.338	0	0	0.9987	0.6259	0.2798	0	0	0.988	0.9876	0.4301	0	0	0.9976	0.8787
259	Kicukiro_HS8_15	1.267	0.5289	0.0025	0.6033	0.9939	0.3226	0	0	0.9983	0.9537	0.2081	0	0	0.9979	0.9984	0.3596	0	0	0.9996	0.9853
260	Kicukiro_HS9_15	0.7378	0.6945	0.0119	0.4202	1	0.2116	0	0	0.9997	0.9965	0.1457	0	0	0.9986	0.9999	0.2526	0	0	0.9992	0.9991
261	Kigoma_15	1.1097	0.4538	0.025	0.4104	0.9201	0.464	0	0	0.9993	0.2693	0.5376	0	0	0.9925	0.9399	0.7551	0	0	0.9961	0.6628
262	Kilinda_15	0.3798	0	0	0.1334	0	0.4279	0	0	0	0	0.2918	0	0	0.967	0	0.3228	0	0	0.967	0
263	Kirehe_15	1.812	0	0	0.1185	0.0437	2.2527	0	0	0	0	0.9214	0	0	0.9931	0.4024	1.089	0	0	0.9934	0.1074
264	Kirehe_HS0_15	1.5709	0	0	0.036	0	1.5354	0	0	0.2662	0	0.8767	0	0	0.9971	0	1.0696	0	0	0.9971	0
265	Kirehe_HS10_15	0.9304	0	0	0.5412	0	0.7996	0	0	0.6475	0	0.6466	0	0	0.9975	0	0.7912	0	0	0.9975	0
266	Kirehe_HS11_15	1.0531	0	0	0.0112	0	1.146	0	0	0	0	0.5393	0	0	0.9922	0	0.6448	0	0	0.9922	0
267	Kirehe_HS12_15	1.1634	0	0	0.3878	0	0.4651	0	0	0.9971	0.0152	0.7203	0	0	0.9964	0.3574	0.9022	0	0	0.9979	0.1291
268	Kirehe_HS1_15	1.2993	0	0	0.0328	0	1.4425	0	0	0	0	0.7026	0	0	0.999	0	0.8668	0	0	0.999	0
269	Kirehe_HS2_15	0.8946	0	0	0.0199	0	0.9855	0	0	0	0	0.4506	0	0	0.9914	0	0.5357	0	0	0.9914	0
270	Kirehe_HS3_15	0.8693	0	0	0.0745	0	0.946	0	0	0	0	0.4203	0	0	0.9978	0	0.4788	0	0	0.9978	0
271	Kirehe_HS4_15	0.4578	0	0	0.0253	0	0.4796	0	0	0	0	0.2261	0	0	0.9865	0	0.2576	0	0	0.9865	0
272	Kirehe_HS5_15	0.3587	0	0	0	0	0.415	0	0	0	0	0.317	0	0	0.9944	0	0.3711	0	0	0.9944	0
273	Kirehe_HS6_15	0.9575	0	0	0.0871	0	1.0482	0	0	0	0	0.6648	0.4798	0.5	0.6573	0	0.747	0.4798	0.5	0.6573	0
274	Kirehe_HS7_15	0.6475	0	0	0.3611	0.1481	0.2929	0	0	0.9983	0.0358	0.4357	0	0	0.9953	0.6784	0.7089	0.3332	0.5	0.6122	0
275	Kirehe_HS8_15	1.0775	0	0	0.1411	0	1.1115	0	0	0	0	0.8235	0.4519	0.5	0.7098	0	0.9233	0.4519	0.5	0.7098	0
276	Kirehe_HS9_15	0.9508	0	0	0.0252	0	1.01	0	0	0	0	0.369	0	0	0.9897	0	0.4339	0	0	0.9897	0
277	Mamba_15	0.2581	0	0	0.6855	0	0.3301	0	0	0	0	0.3552	0.4452	0.52	0	0	0.3552	0.4452	0.52	0	0
278	Mashyuza_15	0.9952	0	0	0.2923	0.9716	0.535	0	0	0.9998	0.0927	0.7209	0	0	0.9998	0.8198	0.994	0	0	1	0.4748
279	Mont_Kigali_15	1.8955	0.5218	0.0117	0.4071	0.9829	0.4603	0	0	0.9992	0.6454	0.415	0	0	0.9998	0.9796	0.6415	0	0	0.9998	0.8567
280	Muhanga_15	1.5961	0.4647	0.0667	0.753	0.9791	0.593	0	0	0.9996	0.8253	0.6898	0	0	0.9999	0.9534	1.0043	0	0	0.9996	0.8933
281	Muhanga_HS0_15	0.6059	0.3754	0	0.1548	0	0.6443	0	0	0	0	0.4592	0.461	0.59	0	0	0.4592	0.461	0.59	0	0
282	Muhanga_HS10_15	0.739	0	0	0.2194	0	0.8262	0	0	0	0	0.7683	0.5277	0.5	0.62	0	0.8266	0.5277	0.5	0.62	0
283	Muhanga_HS11_15	0.166	0	0	0.4196	0	0.1817	0	0	0	0	0.2647	0.6886	0.5	0	0	0.2647	0.6886	0.5	0	0
284	Muhanga_HS12_15	0.3799	0.7114	0	0.2506	0	0.473	0	0	0	0	0.4291	0	0	0.9826	0.0053	0.5059	0	0	0.9826	0.0005
285	Muhanga_HS13_15	0.3734	0	0	0.4894	0	0.4799	0	0	0	0	0.4565	0	0	0.9383	0	0.5001	0	0	0.9383	0
286	Muhanga_HS14_15	0.1952	0	0	0.4021	0	0.2157	0	0	0	0	0.3078	0.6162	0.49	0	0	0.3078	0.6162	0.49	0	0
287	Muhanga_HS15_15	0.2265	0	0	0.3001	0	0.2396	0	0	0	0	0.3114	0.5629	0.5	0	0	0.3114	0.5629	0.5	0	0
288	Muhanga_HS16_15	0.1461	0	0	0.3226	0	0.1563	0	0	0	0	0.1992	0.7216	0.51	0	0	0.1992	0.7216	0.51	0	0
289	Muhanga_HS17_15	0.6246	0	0	0.0421	0.43	0.1171	0	0	0.9949	0.0119	0.3963	0.4611	0.6	0	0	0.4355	0.4233	0.58	0	0
290	Muhanga_HS1_15	0.6154	0	0	0.2204	0	0.7148	0	0	0	0	0.5276	0	0	0.9744	0	0.6033	0	0	0.9744	0
291	Muhanga_HS2_15	1.8454	0.5727	0.0497	0.3857	0.8895	0.6776	0	0	0.9987	0.7592	0.7457	0	0	0.9982	0.9902	1.1206	0	0	0.9996	0.9191
292	Muhanga_HS3_15	0.6185	0.5865	0	0.6558	0.4444	0.3281	0	0	0.9959	0.3194	0.469	0	0	0.9818	0.8916	0.6176	0	0	0.9868	0.5116
293	Muhanga_HS4_15	0.5216	0.3718	0	0.3653	0	0.6451	0	0	0	0	0.5785	0	0	0.9566	0	0.6647	0	0	0.9566	0
294	Muhanga_HS5_15	0.6217	0.3544	0.01	0.3558	0	0.8067	0	0	0	0	0.7197	0	0	0.9759	0	0.8378	0	0	0.9759	0
295	Muhanga_HS6_15	0.3258	0	0	0.3359	0	0.4072	0	0	0	0	0.275	0	0	0.9962	0	0.3288	0	0	0.9962	0
296	Muhanga_HS7_15	0.1992	0	0	0.4033	0	0.2089	0	0	0	0	0.2669	0.5488	0.5	0	0	0.2669	0.5488	0.5	0	0
297	Muhanga_HS8_15	1.0937	0.3842	0.01	0.3797	0.9507	0.4162	0	0	0.9992	0.2831	0.4939	0	0	0.9919	0.9514	0.7188	0	0	0.9914	0.7071
298	Muhanga_HS9_15	0.5476	0	0	0.2763	0	0.6285	0	0	0	0	0.4906	0	0	0.9725	0	0.5448	0	0	0.9725	0
299	Mururu_II_15	0.6169	0	0	0.073	0.1628	0.2257	0	0	0.9995	0.1888	0.3026	0	0	0.9986	0.6302	0.4338	0	0	0.9951	0.4853
300	Mururu_I_15	0.093	0	0	0.1301	0	0.0485	0	0	0.9999	0.1164	0.0648	0	0	0.9984	0.9466	0.0911	0	0	1	0.5934
301	Musanze_15	0.3902	0.268	0	0.5293	0.5345	0.3327	0.5189	0.57	0	0	0.3133	0.625	0.58	0	0	0.2471	0	0	0.997	0.5081
302	Musanze_HS0_15	0.9244	0	0	0.6598	0.7436	0.438	0	0	0.9975	0.2462	0.5499	0	0	0.9896	0.7073	0.7255	0	0	0.9949	0.434
303	Musanze_HS10_15	0.5121	0	0	0.3022	0.955	0.1865	0	0	0.9999	0.142	0.2264	0	0	0.9995	0.9241	0.3039	0	0	0.9998	0.5472
304	Musanze_HS11_15	0.627	0	0	0.3393	0.4945	0.2963	0	0	0.9957	0.0379	0.4181	0	0	0.9958	0.7727	0.5091	0	0	0.9962	0.254
305	Musanze_HS12_15	0.8531	0	0	0.3588	0	1.0405	0	0	0	0	0.6251	0	0	0.9952	0.044	0.735	0	0	0.9943	0.0054
306	Musanze_HS13_15	0.2867	0	0	0.2542	0	0.3004	0	0	0	0	0.3681	0.4719	0.49	0	0	0.3681	0.4719	0.49	0	0
307	Musanze_HS1_15	0.7807	0.8793	0.0103	0.4287	0.9488	0.3007	0	0	0.9928	0.3006	0.2838	0	0	0.9924	0.9706	0.4305	0	0	0.9914	0.7411
308	Musanze_HS2_15	1.9807	0.5516	0.0071	0.6598	1	0.7262	0	0	0.9982	0.9433	0.5922	0	0	0.9988	0.9984	0.9798	0	0	0.9987	0.9808
309	Musanze_HS3_15	0.5766	0.3856	0.0051	0.5471	0.5486	0.2403	0	0	0.9986	0.5657	0.2194	0	0	0.9991	0.9843	0.3334	0	0	0.9979	0.8446
310	Musanze_HS4_15	1.154	0	0	0.2239	0.8482	0.406	0	0	0.999	0.1134	0.4886	0	0	0.9974	0.7716	0.6605	0	0	0.9987	0.4979
311	Musanze_HS5_15	1.5698	0.5146	0.0196	0.3243	0.8702	0.5899	0	0	0.9948	0.2274	0.6129	0	0	0.988	0.9352	0.8178	0	0	0.9923	0.5999
312	Musanze_HS6_15	0.5053	0.4518	0	0.2216	0	0.5734	0	0	0	0	0.3813	0	0	0.9916	0	0.4207	0	0	0.9916	0
313	Musanze_HS7_15	0.4659	0	0	0.3023	0	0.5241	0	0	0	0	0.3232	0	0	0.992	0.025	0.3667	0	0	0.992	0.0029
314	Musanze_HS8_15	0.3741	0	0	0.1963	0.4762	0.2136	1.0327	0.54	0	0	0.2166	0	0	0.9946	0.7086	0.2479	0	0	0.9949	0.2087
315	Musanze_HS9_15	0.7427	0	0	0.253	0.2887	0.3296	0	0	0.9986	0.0443	0.4884	0	0	0.9899	0.8193	0.6094	0	0	0.9922	0.3042
316	Musanze_IP_15	0.3738	0	0	0.6059	0.5926	0.1212	0	0	0.9972	0.1791	0.1499	0	0	0.9992	0.3923	0.1876	0	0	0.9997	0.2373
317	Musha_15	0.4829	0.3915	0.0065	0.2343	0.7181	0.3737	0.4675	0.53	0	0	0.2374	0	0	0.9776	0.9179	0.322	0	0	0.9861	0.608
318	Ndera_15	1.14	0.8375	0	0.4661	0.9948	0.3382	0	0	1	0.9198	0.2394	0	0	0.9937	0.998	0.4183	0	0	0.9994	0.9839
319	Ngoma_HS0_15	1.0093	0.4348	0.01	0.0669	0.1061	0.4528	0	0	0.9903	0.0179	0.7084	0	0	0.9821	0.5897	1.0677	0.3986	0.48	0.6527	0.1885
320	Ngoma_HS10_15	0.9256	0	0	0.1946	0.288	1.4393	0	0	0	0	0.7641	0	0	0.9802	0.2619	0.9318	0	0	0.9826	0.0681
321	Ngoma_HS11_15	0.5529	0	0	0.2444	0	0.6291	0	0	0	0	0.6274	0.4267	0.49	0.5496	0	0.686	0.4267	0.49	0.5496	0
322	Ngoma_HS12_15	0.4758	0	0	0.1271	0	0.5529	0	0	0	0	0.4073	0	0	0.993	0	0.4777	0	0	0.993	0
323	Ngoma_HS13_15	0.4558	0	0	0.2563	0	0.5514	0	0	0	0	0.3744	0	0	0.9962	0.0197	0.445	0	0	0.9962	0.0022
324	Ngoma_HS14_15	0.0676	0	0	0.0354	0	0.0628	0	0	0	0	0.088	0.4685	0.5	0	0	0.088	0.4685	0.5	0	0
325	Ngoma_HS1_15	1.1354	0	0	0.0137	0	0.965	0	0	0.2756	0	0.5503	0.4753	0.59	0.3997	0	0.593	0.4753	0.59	0.3997	0
326	Ngoma_HS2_15	0.6255	0	0	0.2301	0	0.6731	0	0	0	0	0.6634	0.4319	0.5438	0	0	0.6634	0.4319	0.5438	0	0
327	Ngoma_HS3_15	0.9033	0	0	0.118	0	1.0575	0	0	0	0	0.6927	0	0	0.9844	0	0.8222	0	0	0.9844	0
328	Ngoma_HS4_15	1.2845	0	0	0.1201	0	1.3862	0	0	0	0	0.8983	0.4856	0.62	0.4661	0	0.9729	0.4856	0.62	0.4661	0
329	Ngoma_HS5_15	0.6111	0.1915	0	0.1444	0	0.2892	0	0	0.8926	0	0.3725	0	0	0.9919	0	0.453	0	0	0.9919	0
330	Ngoma_HS6_15	0.9331	0	0	0.3732	0	1.2789	0	0	0	0	0.5825	0	0	0.9972	0	0.7039	0	0	0.9972	0
331	Ngoma_HS7_15	1.2753	0.4707	0	0.4243	0.121	0.3214	0	0	0.9951	0.0031	0.74	0.3924	0.57	0.6597	0	0.8557	0.3629	0.56	0.629	0
332	Ngoma_HS8_15	0.9344	0.3086	0	0.2742	0.1014	1.2417	0	0	0	0	0.6654	0	0	0.9938	0.2326	0.7864	0	0	0.9928	0.0362
333	Ngoma_HS9_15	2.2089	0.5128	0.0863	0.1506	0.0208	0.6705	0	0	0.997	0.0814	0.9159	0	0	0.9886	0.6973	1.207	0	0	0.9927	0.3607
334	Ngororero_HS0_15	0.3766	0	0	0.1212	0	0.3831	0	0	0	0	0.4034	0.4832	0.53	0	0	0.4034	0.4832	0.53	0	0
335	Ngororero_HS10_15	0.3478	0	0	0.6575	0	0.4915	0	0	0	0	0.4588	0.4797	0.54	0	0	0.4588	0.4797	0.54	0	0
336	Ngororero_HS11_15	0.3088	0	0	0.1514	0	0.3054	0	0	0	0	0.4363	0.5627	0.48	0	0	0.4363	0.5627	0.48	0	0
337	Ngororero_HS12_15	0.1028	0	0	0.4718	0	0.1151	0	0	0	0	0.1681	0.5357	0.5	0	0	0.1681	0.5357	0.5	0	0
338	Ngororero_HS13_15	0.1392	0	0	0.1193	0	0.1406	0	0	0	0	0.1985	0.5853	0.5	0	0	0.1985	0.5853	0.5	0	0
339	Ngororero_HS14_15	0.3976	0	0	0.2826	0	0.4436	0	0	0	0	0.4897	0.5408	0.52	0	0	0.4897	0.5408	0.52	0	0
340	Ngororero_HS15_15	0.2674	0	0	0.501	0	0.3034	0	0	0	0	0.4617	0.5319	0.48	0	0	0.4617	0.5319	0.48	0	0
341	Ngororero_HS16_15	0.3465	0	0	0.3046	0	0.3903	0	0	0	0	0.4591	0.4966	0.51	0	0	0.4591	0.4966	0.51	0	0
342	Ngororero_HS17_15	0.1279	0	0	0.3723	0	0.1375	0	0	0	0	0.1916	0.5745	0.5	0	0	0.192	0.5721	0.5	0	0
343	Ngororero_HS18_15	0.2444	0	0	0.5034	0	0.2908	0	0	0	0	0.3471	0.5463	0.5	0	0	0.3471	0.5463	0.5	0	0
344	Ngororero_HS19_15	0.4157	0	0	0.3058	0	0.4878	0	0	0	0	0.3997	0.4788	0.55	0	0	0.3997	0.4788	0.55	0	0
345	Ngororero_HS1_15	0.8075	0.4026	0	0.2526	0.0898	0.3521	0	0	0.9923	0.1376	0.5418	0	0	0.9841	0.5625	0.6441	0	0	0.9875	0.2911
346	Ngororero_HS20_15	0.2979	0	0	0.2933	0	0.323	0	0	0	0	0.4176	0.5833	0.49	0	0	0.4176	0.5833	0.49	0	0
347	Ngororero_HS21_15	0.2989	0	0	0.3056	0	0.4073	0	0	0	0	0.4182	0.5167	0.49	0	0	0.4287	0.4915	0.49	0	0
348	Ngororero_HS22_15	0.1124	0	0	0.4999	0	0.1294	0	0	0	0	0.1738	0.5433	0.5	0	0	0.1738	0.5433	0.5	0	0
349	Ngororero_HS2_15	0.3297	0	0	0.3605	0	0.4331	0	0	0	0	0.4317	0	0	0.9873	0	0.5094	0	0	0.9873	0
350	Ngororero_HS3_15	0.3019	0	0	0.4501	0	0.4184	0	0	0	0	0.4708	0	0	0.9758	0	0.5596	0	0	0.9758	0
351	Ngororero_HS4_15	0.1856	0	0	0.6678	0	0.2656	0	0	0	0	0.2836	0.553	0.53	0	0	0.2836	0.553	0.53	0	0
352	Ngororero_HS5_15	0.466	0	0	0.1428	0	0.5545	0	0	0	0	0.5979	0	0	0.955	0	0.6806	0	0	0.955	0
353	Ngororero_HS6_15	0.8963	0	0	0.3721	0	1.2238	0	0	0	0	0.6348	0	0	0.987	0.0362	0.7488	0	0	0.9872	0.0095
354	Ngororero_HS7_15	0.7874	0.7128	0	0.4572	0.5398	0.3609	0	0	0.9883	0.1479	0.5233	0	0	0.9831	0.3929	0.6475	0	0	0.9865	0.2655
355	Ngororero_HS8_15	0.5412	0	0	0.3755	0.4805	0.5983	0.5537	0.52	0	0	0.4481	0	0	0.9876	0.6477	0.5685	0	0	0.9817	0.1844
356	Ngororero_HS9_15	0.4256	0.3065	0	0.592	0	0.6167	0	0	0	0	0.4515	0	0	0.9735	0	0.5123	0	0	0.9735	0
357	Ntendezi_15	0.4637	0	0	0.1397	0	0.5303	0	0	0	0	0.1042	0	0	0.995	0.0435	0.2779	0.434	0.62	0	0
358	Nyabihu_15	1.4873	0.9942	0	0.3134	0.4096	0.5162	0	0	0.9958	0.1297	0.6475	0	0	0.9905	0.8209	0.9943	0.4624	0.49	0.7404	0.5379
359	Nyabihu_HS0_15	0.5387	0	0	0.6678	0.0008	1.0099	0	0	0	0	0.4627	0	0	0.9895	0.1896	0.5262	0	0	0.9897	0.0522
360	Nyabihu_HS10_15	0.4382	0	0	0.3994	0	0.625	0	0	0	0	0.3126	0	0	0.9941	0.3212	0.3465	0	0	0.9944	0.047
361	Nyabihu_HS1_15	0.2678	0	0	0.3704	0	0.319	0	0	0	0	0.2508	0	0	0.9733	0	0.2759	0	0	0.9733	0
362	Nyabihu_HS2_15	0.5238	0.3344	0.01	0.5564	0.763	0.32	0.7677	0.63	0	0	0.3036	0	0	0.9936	0.6932	0.3572	0	0	0.9928	0.1296
363	Nyabihu_HS3_15	1.0827	0	0	0.3051	0.481	0.5018	0	0	0.9909	0.0455	0.72	0	0	0.9794	0.8355	0.8776	0	0	0.9872	0.3269
364	Nyabihu_HS4_15	1.1759	0.3152	0.0056	0.2655	0.3038	0.5113	0	0	0.9954	0.3598	0.5121	0	0	0.973	0.9639	0.7236	0	0	0.9942	0.7932
365	Nyabihu_HS5_15	0.5652	0.4284	0.0072	0.5816	0.2317	0.258	0	0	0.994	0.1336	0.386	0	0	0.9924	0.7763	0.4665	0	0	0.9901	0.1778
366	Nyabihu_HS6_15	0.3766	0.3604	0.01	0.2956	0	0.4774	0	0	0	0	0.2624	0	0	0.995	0.1408	0.2924	0	0	0.9902	0.0168
367	Nyabihu_HS7_15	0.4038	0	0	0.6442	0	0.6049	0	0	0	0	0.3798	0	0	0.9859	0	0.4244	0	0	0.9859	0
368	Nyabihu_HS8_15	0.4416	0	0	0.2842	0	0.4953	0	0	0	0	0.3766	0	0	0.9722	0	0.4044	0	0	0.9722	0
369	Nyabihu_HS9_15	0.1861	0	0	0.2657	0	0.1887	0	0	0	0	0.2878	0.5798	0.49	0	0	0.2878	0.5798	0.49	0	0
370	Nyagatare_HS0_15	0.2388	0	0	0.3509	0	0.2961	0	0	0	0	0.2373	0	0	0.993	0	0.2783	0	0	0.993	0
371	Nyagatare_HS10_15	1.0909	0	0	0.2399	0.8462	0.4865	0	0	0.9977	0.037	0.684	0	0	0.9954	0.7882	1.1952	0.4019	0.49	0.4896	0.1662
372	Nyagatare_HS11_15	0.4455	0	0	0.0657	0	0.4773	0	0	0	0	0.1772	0	0	0.9965	0	0.2011	0	0	0.9965	0
373	Nyagatare_HS12_15	0.5856	0.3157	0	0.168	0.8815	0.3396	0	0	0.9891	0.0308	0.4933	0	0	0.988	0.7715	0.6162	0	0	0.9911	0.2508
374	Nyagatare_HS13_15	0.688	0.3199	0	0.0843	0.3871	0.3481	0	0	0.9945	0.0141	0.7261	0.462	0.5	0.5491	0.557	0.8796	0.3761	0.48	0.5015	0.089
375	Nyagatare_HS14_15	0.5104	0.3772	0	0.1869	0	0.6069	0	0	0	0	0.6432	0	0	0.9115	0	0.7177	0	0	0.9115	0
376	Nyagatare_HS15_15	1.1017	0.4414	0	0.2942	0.5255	0.5506	0	0	0.9965	0.0424	0.895	0	0	0.9769	0.8146	1.0991	0	0	0.9828	0.2888
377	Nyagatare_HS16_15	1.3473	0.362	0	0.2793	0.6917	0.7183	0	0	0.998	0.0743	0.9973	0	0	0.9937	0.8674	1.3287	0	0	0.9944	0.4077
378	Nyagatare_HS17_15	0.9082	0.3012	0	0.0981	0.4375	0.5188	0	0	0.9787	0.0502	0.8655	0	0	0.959	0.7705	1.0606	0	0	0.9649	0.2307
379	Nyagatare_HS18_15	0.1909	0	0	0.8637	0.0222	0.4976	0	0	0	0	0.3403	0.6033	0.64	0	0	0.3522	0.5652	0.63	0	0
380	Nyagatare_HS19_15	0.5488	0.439	0	0.2906	0.2171	1.1162	0	0	0	0	0.6121	0	0	0.8552	0.7023	0.6886	0	0	0.8864	0.2308
381	Nyagatare_HS1_15	1.1916	0.2838	0	0.0919	0	1.8382	0	0	0	0	0.6642	0	0	0.9975	0.2542	0.8006	0	0	0.998	0.0835
382	Nyagatare_HS20_15	0.2578	0.4846	0	0.3326	0.058	0.1028	1.1243	0.54	0	0	0.2446	0.5091	0.52	0	0	0.2699	0.4604	0.51	0	0
383	Nyagatare_HS21_15	0.2715	0	0	0.2416	0	0.2137	1.2893	0.52	0	0	0.4141	0.5201	0.49	0	0	0.426	0.4904	0.49	0	0
384	Nyagatare_HS22_15	1.1682	0.463	0	0.2019	0.578	0.6031	0.6423	0.57	0.8661	0.3986	0.7816	0	0	0.9099	0.8951	1.1405	0.4223	0.55	0.7757	0.7067
385	Nyagatare_HS23_15	0.4036	0	0	0.3817	0.2674	0.3346	0.546	0.53	0	0	0.3124	0	0	0.9407	0.8	0.3626	0	0	0.9619	0.3493
386	Nyagatare_HS24_15	0.0003	0	0	0	0	0.0003	0	0	0	0	0.0017	0	0	0	0	0.0017	0	0	0	0
387	Nyagatare_HS25_15	0.1548	0	0	0.4084	0	0.1712	0	0	0	0	0.5139	0.6442	0.4842	0	0	0.5139	0.6442	0.4842	0	0
388	Nyagatare_HS26_15	0.1235	0	0	0.8244	0	0.2408	0	0	0	0	0.5589	0.5684	0.5	0	0	0.5589	0.5684	0.5	0	0
389	Nyagatare_HS27_15	0.1903	0.4667	0	0	0	0.1927	0	0	0	0	0.4814	0.5498	0.5	0	0	0.4814	0.5498	0.5	0	0
390	Nyagatare_HS28_15	0.0011	0	0	0	0	0.0011	0	0	0	0	0.0106	0	0	0	0	0.0106	0	0	0	0
391	Nyagatare_HS2_15	0.6897	0.4202	0.0053	0.208	0.15	0.3208	0	0	0.9964	0.0123	0.5304	0	0	0.9979	0.5602	0.658	0	0	0.997	0.1132
392	Nyagatare_HS3_15	1.6561	0.5735	0.0081	0.6159	0.6517	0.5547	0	0	0.997	0.2329	0.8105	0	0	0.9802	0.7568	1.0477	0	0	0.9854	0.4468
393	Nyagatare_HS4_15	0.1861	0	0	0.8401	0	0.1888	0	0	0.7808	0	1.2868	0	0	0	0	1.2868	0	0	0	0
394	Nyagatare_HS5_15	0.4715	0	0	0.7187	0.3799	0.2053	0	0	0.976	0.0272	0.3596	0	0	0.9479	0.2522	0.4151	0	0	0.9535	0.1316
395	Nyagatare_HS6_15	0.8406	0.5379	0.0276	0.2894	0.9034	0.4711	0	0	0.9845	0.1286	0.7538	0	0	0.9182	0.8866	0.9428	0	0	0.9524	0.4691
396	Nyagatare_HS7_15	0.928	0.4102	0.02	0.488	0.25	0.3179	0	0	0.9973	0.3344	0.5189	0	0	0.9815	0.1573	0.6629	0	0	0.9831	0.2148
397	Nyagatare_HS8_15	0.1647	0	0	0.8282	0	0.1819	0	0	0.8285	0	0.3439	0	0	0.8215	0	0.3606	0	0	0.8215	0
398	Nyagatare_HS9_15	0.4897	1.0132	0	0.3881	0.1149	0.7892	0	0	0	0	0.5848	0	0	0.9086	0.5335	0.7968	0.4438	0.5	0.4507	0
399	Nyamagabe_HS0_15	0.7035	0	0	0.1356	0.1375	1.0759	0	0	0	0	0.5034	0	0	0.9915	0.676	0.6025	0	0	0.9912	0.1894
400	Nyamagabe_HS10_15	0.43	0	0	0.2506	0	0.5055	0	0	0	0	0.3516	0	0	0.9958	0.0037	0.416	0	0	0.9958	0.0005
401	Nyamagabe_HS11_15	0.3165	0	0	0.2685	0	0.3439	0	0	0	0	2.0997	0	0	0	0	2.0997	0	0	0	0
402	Nyamagabe_HS12_15	0.3714	0	0	0.4482	0	0.4289	0	0	0	0	0.3612	0	0	0.9666	0	0.3808	0	0	0.9666	0
403	Nyamagabe_HS13_15	0.2156	0	0	0.5908	0	0.3265	0	0	0	0	0.2561	0.4895	0.56	0	0	0.2561	0.4895	0.56	0	0
404	Nyamagabe_HS14_15	0.3086	0	0	0.2527	0	0.3186	0	0	0	0	2.1696	0	0	0	0	2.1696	0	0	0	0
405	Nyamagabe_HS15_15	0.3381	0	0	0.1615	0	0.2653	1.0306	0.53	0	0	1.9383	0	0	0	0	0.3597	0	0	0.9566	0.166
406	Nyamagabe_HS16_15	0.5724	0	0	0.2988	0.3655	1.0449	0	0	0	0	0.3202	0	0	0.9818	0.5258	0.6815	0.476	0.5	0	0
407	Nyamagabe_HS1_15	1.2757	0	0	0.3679	0.0012	2.1549	0.5153	0.53	0	0	0.6714	0	0	0.9944	0.2948	0.9788	0.3936	0.53	0.7241	0.015
408	Nyamagabe_HS2_15	0.6665	0	0	0.1422	0	1.3956	0	0	0	0	0.5005	0	0	0.9814	0.7523	0.5896	0	0	0.9893	0.2134
409	Nyamagabe_HS3_15	0.3395	0.3912	0	0.7167	0	0.6425	0	0	0	0	0.2821	0	0	0.9938	0.0449	0.3246	0	0	0.9939	0.0158
410	Nyamagabe_HS4_15	0.1961	0	0	0.0915	0.3333	0.2524	0	0	0	0	0.2105	0.5862	0.51	0	0	0.2187	0.5646	0.51	0	0
411	Nyamagabe_HS5_15	1.6367	0.7982	0	0.2805	0.6872	0.4586	0	0	0.9971	0.1377	0.5757	0	0	0.9957	0.724	0.7534	0	0	0.994	0.552
412	Nyamagabe_HS6_15	0.5217	0	0	0.2413	0.06	0.8284	0	0	0	0	0.3292	0	0	0.9837	0.2828	0.3688	0	0	0.9863	0.0787
413	Nyamagabe_HS7_15	0.9004	0	0	0.052	0.0727	1.08	0	0	0	0	0.6294	0.5171	0.54	0.436	0	0.6736	0.4907	0.53	0.4166	0
414	Nyamagabe_HS8_15	0.3623	0	0	0.1148	0	0.4814	0	0	0	0	0.3297	0	0	0.9679	0.2904	0.3752	0	0	0.9694	0.0501
415	Nyamagabe_HS9_15	0.5752	0	0	0.0836	0	0.7176	0	0	0	0	0.4923	0	0	0.9935	0.0844	0.5858	0	0	0.9925	0.0142
416	Nyamasheke_HS0_15	1.2987	0.3119	0	0.5423	0.0872	0.5127	0	0	0.9961	0.1147	0.9292	0.444	0.56	0.7173	0.4904	0.9265	0	0	0.9966	0.1927
417	Nyamasheke_HS10_15	0.5737	0	0	0.4853	0	0.86	0	0	0	0	0.2483	0	0	0.9891	0	0.2761	0	0	0.9891	0
418	Nyamasheke_HS11_15	1.0999	0	0	0.2376	0	1.0392	0	0	0.2873	0	0.6279	0.4793	0.58	0.3657	0	0.6458	0.4793	0.58	0.3657	0
419	Nyamasheke_HS12_15	0.8878	0	0	0.4748	0	1.3503	0	0	0	0	0.5559	0	0	0.976	0.0074	0.6017	0	0	0.9835	0.0027
420	Nyamasheke_HS13_15	1.2605	0.4744	0	0.518	0.0523	0.3335	0	0	0.997	0.1101	0.4322	0	0	0.9989	0.6116	0.4924	0	0	0.9979	0.2399
421	Nyamasheke_HS14_15	0.7392	0	0	0.3149	0	0.8607	0	0	0	0	0.3637	0	0	0.9839	0	0.3896	0	0	0.9839	0
422	Nyamasheke_HS1_15	0.5973	0.2718	0	0.1226	0.16	0.7612	0	0	0	0	0.423	0.4991	0.6	0	0	0.4457	0.4777	0.59	0	0
423	Nyamasheke_HS2_15	0.732	0	0	0.232	0.4038	1.1026	0	0	0	0	0.4991	0	0	0.9997	0.2761	0.6129	0	0	0.9997	0.0689
424	Nyamasheke_HS3_15	1.3597	0	0	0.1774	0.2475	1.9028	0	0	0	0	0.6798	0.4503	0.64	0.4796	0.0723	0.7784	0.416	0.61	0.4528	0.0235
425	Nyamasheke_HS4_15	0.3703	0	0	0.7045	0	0.6688	0	0	0	0	0.2074	0	0	0.9971	0	0.2286	0	0	0.9971	0
426	Nyamasheke_HS5_15	0.9956	0	0	0.6106	0	1.1032	0	0	0.486	0	0.5514	0	0	0.992	0	0.6475	0	0	0.992	0
427	Nyamasheke_HS6_15	0.9007	0	0	0.3769	0	1.1659	0	0	0	0	0.4795	0	0	0.9965	0	0.5347	0	0	0.9965	0
428	Nyamasheke_HS7_15	0.8751	0	0	0.2149	0	0.9655	0	0	0	0	0.3219	0	0	0.9924	0	0.3417	0	0	0.9924	0
429	Nyamasheke_HS8_15	0.4211	0	0	0.3946	0	0.5836	0	0	0	0	0.1458	0	0	0.9917	0	0.1538	0	0	0.9917	0
430	Nyamasheke_HS9_15	0.4377	0	0	0.6072	0	0.7246	0	0	0	0	0.2887	0	0	0.9929	0	0.3253	0	0	0.9929	0
431	Nyamugali_15	0.1724	0	0	0.0589	0	0.1725	0	0	0	0	0.159	0.4466	0.51	0	0	0.159	0.4466	0.51	0	0
432	Nyanza_HS0_15	0.343	0	0	0.2125	0	0.3749	0	0	0	0	0.4331	0.5562	0.53	0	0	0.4331	0.5562	0.53	0	0
433	Nyanza_HS10_15	0.2492	0	0	0.2631	0	0.2623	0	0	0	0	0.3499	0.5446	0.49	0	0	0.3499	0.5446	0.49	0	0
434	Nyanza_HS11_15	0.1758	0	0	0.4289	0	0.2038	0	0	0	0	0.2764	0.5068	0.5	0	0	0.2764	0.5068	0.5	0	0
435	Nyanza_HS12_15	0.2699	0.4028	0.0054	0.4176	0	0.3253	0	0	0	0	0.3454	0.489	0.5	0	0	0.3454	0.489	0.5	0	0
436	Nyanza_HS13_15	0.9737	0.6049	0.015	0.6112	0.6992	0.2569	0	0	0.999	0.1782	0.356	0	0	0.9962	0.679	0.4131	0	0	0.9985	0.3624
437	Nyanza_HS14_15	0.2865	0	0	0.1218	0	0.3008	0	0	0	0	0.2446	0.4463	0.55	0	0	0.2446	0.4463	0.55	0	0
438	Nyanza_HS15_15	0.2065	0	0	0.1549	0	0.21	0	0	0	0	0.3188	0.619	0.49	0	0	0.3188	0.619	0.49	0	0
439	Nyanza_HS16_15	0.2232	0	0	0.4251	0	0.2549	0	0	0	0	0.3467	0.5069	0.49	0	0	0.3467	0.5069	0.49	0	0
440	Nyanza_HS1_15	0.6205	0	0	0.3272	0	0.6952	0	0	0	0	0.4316	0	0	0.9858	0	0.4607	0	0	0.9858	0
441	Nyanza_HS2_15	0.3869	0	0	0.7423	0	0.6414	0	0	0	0	0.3313	0	0	0.9867	0	0.362	0	0	0.9867	0
442	Nyanza_HS3_15	1.2231	0.4134	0.0103	0.3854	0.7627	0.362	0	0	0.9988	0.1281	0.4877	0	0	0.9868	0.8687	0.6031	0	0	0.9927	0.4431
443	Nyanza_HS4_15	1.0374	0.2302	0	0.1118	0	1.1082	0	0	0	0	0.6832	0.381	0.58	0.5602	0	0.7283	0.381	0.58	0.5602	0
444	Nyanza_HS5_15	0.6188	0	0	0.3129	0	0.6726	0	0	0	0	0.7178	0.4731	0.5168	0	0	0.7178	0.4731	0.5168	0	0
445	Nyanza_HS6_15	0.8811	0	0	0.1208	0	0.9853	0	0	0	0	0.5198	0	0	0.9877	0	0.599	0	0	0.9877	0
446	Nyanza_HS7_15	0.6869	0	0	0.2508	0	0.8636	0	0	0	0	0.4178	0	0	0.9832	0	0.4799	0	0	0.9832	0
447	Nyanza_HS8_15	0.5719	0	0	0.4221	0	0.7057	0	0	0	0	0.6072	0	0	0.9885	0	0.6955	0	0	0.9885	0
448	Nyanza_HS9_15	0.3853	0	0	0.437	0	0.4531	0	0	0	0	0.3316	0	0	0.988	0	0.3542	0	0	0.988	0
449	Nyarugenge_HS0_15	0.718	0.5092	0.0083	0.3032	0.2079	0.2644	0	0	0.9942	0.0683	0.3849	0	0	0.9926	0.7697	0.4845	0	0	0.9935	0.2846
450	Nyarugenge_HS10_15	1.1963	0.6525	0	0.5275	0.998	0.4285	0	0	0.9994	0.9567	0.3526	0	0	0.9998	0.9989	0.5936	0	0	0.9998	0.9911
451	Nyarugenge_HS11_15	0.9171	0.4146	0	0.199	0.6934	0.3088	0	0	0.9993	0.1754	0.3127	0	0	0.9902	0.9505	0.4379	0	0	0.9964	0.6486
452	Nyarugenge_HS12_15	2.5127	0.4864	0.0062	0.6628	1	0.6749	0	0	1	1	0.5325	0	0	0.9999	1	0.9145	0	0	1	1
453	Nyarugenge_HS13_15	0.522	0.5991	0	0.2263	0.8021	0.1835	0	0	1	0.4471	0.1488	0	0	0.9997	0.9875	0.2372	0	0	0.9998	0.8835
454	Nyarugenge_HS1_15	1.9672	0.4323	0	0.6126	1	0.5177	0	0	1	1	0.4339	0	0	0.9998	1	0.7255	0	0	1	1
455	Nyarugenge_HS2_15	1.084	0.345	0.0069	0.8201	1	0.3954	0	0	0.9995	1	0.3427	0	0	1	1	0.5644	0	0	0.9995	1
456	Nyarugenge_HS3_15	0.3223	0	0	0.9803	1	0.3389	0	0	1	1	0.3624	0	0	1	1	0.529	0	0	1	1
457	Nyarugenge_HS4_15	2.0464	0.4361	0.004	0.7008	1	0.5717	0	0	1	1	0.4686	0	0	1	1	0.796	0	0	1	1
458	Nyarugenge_HS5_15	1.1473	0.415	0.0046	0.6963	1	0.3191	0	0	0.9999	1	0.2653	0	0	0.9999	1	0.4416	0	0	0.9999	1
459	Nyarugenge_HS6_15	0.5866	0.6909	0	0.6773	1	0.1617	0	0	1	1	0.1279	0	0	1	1	0.2179	0	0	1	1
460	Nyarugenge_HS7_15	0.5083	0.5582	0.0172	0.8723	1	0.2615	0	0	1	1	0.2214	0	0	1	1	0.3703	0	0	1	1
461	Nyarugenge_HS8_15	0.2564	0.8092	0	0.3519	0.9554	0.155	0.3742	0.52	0	0	0.0486	0	0	1	0.9388	0.202	0.3252	0.51	0	0
462	Nyarugenge_HS9_15	0.7088	0.4727	0.0054	0.3238	0.6746	0.1912	0	0	0.9998	0.093	0.2225	0	0	1	0.8787	0.6754	0.375	0.4996	0	0
463	Nyaruguru_HS0_15	0.4677	0	0	0.4686	0.0029	0.3728	0	0	0.9949	0.0501	0.5731	0	0	0.9772	0.707	0.7557	0	0	0.9777	0.2921
464	Nyaruguru_HS10_15	0.1699	0	0	0.4357	0	0.2017	0	0	0	0	0.2375	0.5425	0.51	0	0	0.2375	0.5425	0.51	0	0
465	Nyaruguru_HS11_15	0.2152	0	0	0.2424	0	0.2228	0	0	0	0	0.2674	0.5709	0.5	0	0	0.2674	0.5709	0.5	0	0
466	Nyaruguru_HS12_15	0.5451	0	0	0.172	0	0.6916	0	0	0	0	0.4777	0	0	1	0	0.5898	0	0	1	0
467	Nyaruguru_HS13_15	0.2044	0	0	0.3831	0	0.2183	0	0	0	0	0.2474	0.4985	0.5	0	0	0.2474	0.4985	0.5	0	0
468	Nyaruguru_HS14_15	0.9526	0.3453	0	0.5233	0	1.6993	0	0	0	0	1.0384	0	0	0.9889	0.2031	1.2665	0	0	0.9949	0.0403
469	Nyaruguru_HS15_15	0.5156	0	0	0.3054	0	0.6718	0	0	0	0	0.5943	0	0	0.9959	0	0.7162	0	0	0.9959	0
470	Nyaruguru_HS1_15	0.445	0	0	0.7189	0	0.7191	0	0	0	0	0.5408	0	0	0.988	0	0.6561	0	0	0.988	0
471	Nyaruguru_HS2_15	0.7233	0	0	0.3933	0	1.0654	0	0	0	0	0.8374	0	0	0.9934	0	1.0488	0	0	0.9934	0
472	Nyaruguru_HS3_15	0.3984	0.9414	0	0.4017	0	0.5049	0	0	0	0	0.3962	0	0	0.9938	0	0.4902	0	0	0.9938	0
473	Nyaruguru_HS4_15	0.8352	0.4414	0	0.5832	0.02	1.4383	0	0	0	0	0.6634	0	0	0.9993	0.0493	0.8144	0	0	0.9994	0.0151
474	Nyaruguru_HS5_15	0.4809	0.4674	0.16	0.2587	0	0.7026	0	0	0	0	0.4578	0	0	0.9777	0	0.5352	0	0	0.9777	0
475	Nyaruguru_HS6_15	0.0525	0	0	0.9149	0	0.0343	0	0	0.9963	0	0.0538	0	0	0.9934	0	0.069	0	0	0.9934	0
476	Nyaruguru_HS7_15	0.6877	0	0	0.208	0	0.7339	0	0	0	0	0.6893	0.4687	0.5473	0	0	0.6893	0.4687	0.5473	0	0
477	Nyaruguru_HS8_15	0.288	0	0	0.4209	0.0672	0.5279	0	0	0	0	0.3771	0.5532	0.49	0	0	0.4128	0.497	0.48	0	0
478	Nyaruguru_HS9_15	0.5361	0	0	0.1938	0	0.7193	0	0	0	0	0.7613	0	0	0.9875	0	0.9461	0	0	0.9875	0.0008
479	Nzove_15	0.923	0.7058	0	0.5875	0.9274	0.3412	0	0	1	0.3422	0.3182	0	0	1	0.9851	0.4934	0	0	1	0.8888
480	Rubavu_15	1.5208	0.4987	0	0.4803	0.9155	0.4935	0	0	0.9998	0.2928	0.5599	0	0	0.9995	0.9394	0.79	0	0	0.9984	0.6409
481	Rubavu_HS0_15	0.4798	0.4863	0.0137	0.8507	1	0.1949	0	0	1	1	0.2274	0	0	1	1	0.3459	0	0	1	1
482	Rubavu_HS10_15	0.7564	0.9314	0	0.2399	0.8621	0.3182	0	0	0.9998	0.1863	0.336	0	0	0.9986	0.9632	0.4873	0	0	0.9983	0.6918
483	Rubavu_HS11_15	0.7045	0.4336	0.0061	0.3104	0	0.8438	0	0	0	0	0.442	0	0	0.9983	0.026	0.5066	0	0	0.9983	0.0032
484	Rubavu_HS12_15	0.4861	0	0	0.2434	0	0.5949	0	0	0	0	0.2991	0	0	0.9951	0.1595	0.3312	0	0	0.9952	0.0186
485	Rubavu_HS13_15	1.1416	0.4982	0	0.2377	0.2449	0.5393	0	0	0.9984	0.0155	0.9015	0	0	0.9931	0.6812	1.0948	0	0	0.9942	0.1524
486	Rubavu_HS14_15	0.4413	0	0	0.3356	0.0588	0.664	0	0	0	0	0.318	0	0	0.9936	0.4323	0.3815	0	0	0.9891	0.0696
487	Rubavu_HS1_15	1.2019	0.742	0.0035	0.8013	0.9956	0.5427	0	0	1	0.9253	0.5169	0	0	1	0.9938	0.8169	0	0	1	0.968
488	Rubavu_HS2_15	2.1297	0.4779	0.0042	0.4788	1	0.5681	0	0	1	1	0.5834	0	0	0.9996	1	0.9226	0	0	1	1
489	Rubavu_HS3_15	1.5488	0.5039	0.0071	0.3653	1	0.4557	0	0	0.9999	1	0.4175	0	0	0.9967	1	0.6692	0	0	0.9999	1
490	Rubavu_HS4_15	0.8647	0	0	0.5259	0.7427	0.3559	0	0	0.9997	0.4582	0.3637	0	0	0.9993	0.9844	0.5407	0	0	0.9998	0.7978
491	Rubavu_HS5_15	1.0099	0.6432	0.02	0.4974	0.9185	0.3101	0	0	0.9989	0.1402	0.4431	0	0	0.9983	0.665	0.5753	0	0	0.9964	0.3245
492	Rubavu_HS6_15	2.2317	0.5373	0	0.4267	0.9655	0.7704	0	0	0.9987	0.3368	0.7079	0	0	0.9938	0.9434	1.0469	0	0	0.9978	0.7713
493	Rubavu_HS7_15	0.4044	0	0	0.1836	0	0.478	0	0	0	0	0.3975	0.4361	0.54	0	0	0.4038	0.4238	0.54	0	0
494	Rubavu_HS8_15	0.579	0.5807	0	0.2269	0	0.6656	0	0	0	0	0.3207	0	0	0.9989	0	0.3657	0	0	0.9989	0
495	Rubavu_HS9_15	0.4327	0	0	0.2615	0.9765	0.4039	0.3088	0.5	0	0	0.162	0	0	0.9988	0.9877	0.2526	0	0	1	0.9498
496	Ruhango_HS0_15	0.4526	0.3832	0	0.2133	0	0.7246	0	0	0	0	0.4196	0	0	0.9632	0.4512	0.4659	0	0	0.966	0.0787
497	Ruhango_HS10_15	0.1954	0	0	0.1063	0	0.1985	0	0	0	0	0.2893	0.5937	0.49	0	0	0.2893	0.5937	0.49	0	0
498	Ruhango_HS11_15	0.4819	0.3667	0	0.2265	0.4719	0.2032	0.7319	0.59	0	0	0.4034	0.5007	0.55	0	0	0.4843	0.4103	0.52	0	0
499	Ruhango_HS12_15	0.6191	0	0	0.1453	0	0.7738	0	0	0	0	0.4756	0	0	0.9947	0.0769	0.5669	0	0	0.9943	0.0137
500	Ruhango_HS13_15	0.1709	1.0465	0	0.2531	0	0.1664	0	0	0	0	0.1969	0.4469	0.5	0	0	0.1969	0.4469	0.5	0	0
501	Ruhango_HS14_15	0.3215	1.1824	0	0.3377	0	0.3548	0	0	0	0	0.4107	0.5337	0.49	0	0	0.4118	0.5344	0.49	0	0
502	Ruhango_HS15_15	0.3176	0	0	0.1804	0	0.3217	0	0	0	0	0.4139	0.4525	0.49	0	0	0.4139	0.4525	0.49	0	0
503	Ruhango_HS16_15	0.4854	0	0	0.1097	0	0.5485	0	0	0	0	0.3909	0	0	0.9825	0	0.4536	0	0	0.9825	0
504	Ruhango_HS17_15	0.1893	0	0	0.7284	0	0.1879	0.4463	0.57	0	0	0.0912	0	0	0.9867	0.9512	0.2938	0.3605	0.54	0	0
505	Ruhango_HS1_15	0.6309	0	0	0.31	0	0.7533	0	0	0	0	0.5719	0	0	0.9902	0	0.6563	0	0	0.9902	0
506	Ruhango_HS2_15	1.1852	0.3931	0.0046	0.1905	0.1737	0.4068	0	0	0.9921	0.0089	0.7529	0	0	0.9788	0.1797	0.895	0	0	0.9798	0.0474
507	Ruhango_HS3_15	0.6693	0	0	0.1049	0	0.7841	0	0	0	0	0.5717	0	0	0.9876	0	0.6744	0	0	0.9876	0
508	Ruhango_HS4_15	0.5933	0	0	0.144	0	0.699	0	0	0	0	0.4885	0	0	0.9903	0	0.5809	0	0	0.9903	0
509	Ruhango_HS5_15	0.5909	0.3218	0	0.1623	0	0.6201	0	0	0	0	0.5103	0.4466	0.58	0	0	0.5103	0.4466	0.58	0	0
510	Ruhango_HS6_15	0.5621	0	0	0.1513	0	0.5596	0	0	0	0	0.7187	0.5294	0.5027	0	0	0.7187	0.5294	0.5027	0	0
511	Ruhango_HS7_15	0.1787	0	0	0.9128	0	0.6404	0	0	0	0	0.1853	0	0	0.9916	0	0.2076	0	0	0.9916	0
512	Ruhango_HS8_15	0.319	0	0	0.1507	0	0.3836	0	0	0	0	0.3982	0	0	0.96	0	0.4493	0	0	0.96	0
513	Ruhango_HS9_15	0.5257	1.1342	0.018	0.3353	0	0.666	0	0	0	0	0.4469	0	0	0.9862	0	0.5101	0	0	0.9862	0
514	Rukarara_15	0.9462	0	0	0.1447	0	1.0304	0	0	0	0	0.4836	0	0	0.9852	0	0.5582	0	0	0.9852	0
515	Rulindo_15	1.2781	0.8285	0	0.3538	0.073	1.4382	0.5878	0.52	0	0	0.831	0	0	0.9815	0.2351	0.9649	0	0	0.9827	0.0691
516	Rulindo_HS0_15	0.6002	0	0	0.2789	0	0.7226	0	0	0	0	0.4854	0	0	0.9508	0	0.5458	0	0	0.9508	0
517	Rulindo_HS10_15	0.4131	0	0	0.4704	0	0.5066	0	0	0	0	0.4	0	0	0.986	0	0.4627	0	0	0.986	0
518	Rulindo_HS11_15	1.1565	0	0	0.077	0	1.1594	0	0	0	0	0.8041	0.5178	0.6058	0	0	0.8041	0.5178	0.6058	0	0
519	Rulindo_HS12_15	0.4038	0	0	0.4761	0	0.519	0	0	0	0	0.4422	0	0	0.9697	0	0.502	0	0	0.9697	0
520	Rulindo_HS13_15	0.8172	0.6927	0	0.1899	0.1787	0.2295	0	0	0.9957	0.0636	0.3027	0	0	0.9862	0.8151	0.7759	0.4155	0.49	0	0
521	Rulindo_HS14_15	0.2272	0	0	0.4	0	0.2518	0	0	0	0	0.2869	0.5201	0.5	0	0	0.2869	0.5201	0.5	0	0
522	Rulindo_HS15_15	0.4582	0	0	0.268	0.0945	0.6661	0	0	0	0	0.4427	0.4684	0.52	0	0	0.4726	0.4386	0.51	0	0
523	Rulindo_HS1_15	0.4164	0	0	0.1961	0	0.4691	0	0	0	0	0.326	0	0	0.9718	0	0.36	0	0	0.9718	0
524	Rulindo_HS2_15	0.412	0.4249	0.01	0.0369	0	0.2055	0	0	0.7682	0	0.3293	0.5875	0.61	0	0	0.3293	0.5875	0.61	0	0
525	Rulindo_HS3_15	1.3042	0.394	0.0112	0.3995	0	1.5039	0	0	0	0	0.9816	0.4829	0.51	0.6382	0	1.0719	0.4829	0.51	0.6382	0
526	Rulindo_HS4_15	1.593	0.3381	0	0.4216	0.7731	0.5143	0	0	0.9985	0.2383	0.6446	0	0	0.9881	0.9079	0.8499	0	0	0.9951	0.5766
527	Rulindo_HS5_15	0.2003	0	0	0.4428	0	0.2137	0	0	0	0	0.3035	0.5449	0.49	0	0	0.3035	0.5449	0.49	0	0
528	Rulindo_HS6_15	0.7538	0.2706	0.01	0.2391	0.098	1.4239	0	0	0	0	0.5529	0	0	0.9749	0.741	0.6616	0	0	0.977	0.2616
529	Rulindo_HS7_15	0.4109	0.2665	0	0.3849	0	0.4854	0	0	0	0	0.3924	0	0	0.9822	0	0.4549	0	0	0.9822	0
530	Rulindo_HS8_15	0.5034	0.2273	0	0.4892	0	0.6678	0	0	0	0	0.5622	0	0	0.9661	0	0.6485	0	0	0.9661	0
531	Rulindo_HS9_15	0.3248	0	0	0.2936	0.1	0.5673	0	0	0	0	0.2805	0	0	0.9866	0.597	0.3285	0	0	0.9881	0.123
532	Rusizi_HS0_15	2.2311	0.5282	0.0029	0.7722	0.981	1.0093	0	0	0.9999	0.3323	1.3831	0	0	0.9996	0.7742	1.97	0	0	0.9995	0.5905
533	Rusizi_HS10_15	0.3116	0	0	0.4519	0	0.4933	0	0	0	0	0.3201	0	0	0.9959	0	0.3823	0	0	0.9959	0
534	Rusizi_HS11_15	0.2358	0	0	0.1016	0	0.2398	0	0	0	0	0.2613	0.4427	0.5	0	0	0.2613	0.4427	0.5	0	0
535	Rusizi_HS12_15	0.0207	0	0	0	0	0.0207	0	0	0	0	0.0274	0	0	0	0	0.0274	0	0	0	0
536	Rusizi_HS1_15	0.635	0.4747	0	0.2982	0.9335	0.2767	0	0	0.9983	0.3348	0.3138	0	0	0.9993	0.9577	0.4675	0	0	0.997	0.74
537	Rusizi_HS2_15	1.3387	0	0	0.1303	0	1.5489	0	0	0	0	0.7157	0	0	0.9982	0.0064	0.8729	0	0	0.9981	0.0018
538	Rusizi_HS3_15	0.9365	0	0	0.3692	0	1.49	0	0	0	0	0.6844	0	0	0.9977	0.1515	0.8744	0	0	0.9977	0.0465
539	Rusizi_HS4_15	0.7858	0.8029	0	0.296	0	1.0112	0	0	0	0	0.4661	0	0	0.9914	0	0.5618	0	0	0.9914	0
540	Rusizi_HS5_15	0.9345	0	0	0.2327	0.1186	1.6926	0	0	0	0	0.7358	0	0	0.9986	0.4401	0.9328	0	0	0.9982	0.1151
541	Rusizi_HS6_15	0.7583	0	0	0.1212	0.7226	0.3031	0	0	0.9981	0.2846	0.4279	0	0	0.9999	0.7728	0.581	0	0	0.9987	0.4574
542	Rusizi_HS7_15	1.2864	0.7999	0	0.4973	0.8967	0.7193	0	0	0.9992	0.4966	0.8445	0	0	0.9988	0.9768	1.3966	0.328	0.5	0.7998	0.8221
543	Rusizi_HS8_15	1.7424	0	0	0.1645	0.5313	0.602	0	0	0.9994	0.0154	0.935	0	0	0.9985	0.231	1.1872	0	0	0.9999	0.1443
544	Rusizi_HS9_15	0.722	0	0	0.1102	0	0.8699	0	0	0	0	0.5329	0	0	0.997	0	0.6636	0	0	0.997	0
545	Rusizi_IP_SS_15	0.2096	0.6374	0.0092	0.53	0.5556	0.1061	0.6289	0.56	0	0	0.0646	0	0	1	0.7479	0.1893	0.4175	0.54	0	0
546	Rusumo_Fall_15	0.0674	0	0	0	0	0.0674	0	0	0	0	0.0896	0.5062	0.5	0	0	0.0896	0.5062	0.5	0	0
547	Rutsiro_HS0_15	0.8604	0	0	0.3538	0	1.155	0	0	0	0	0.5706	0	0	0.9938	0	0.693	0	0	0.9938	0
548	Rutsiro_HS10_15	0.0067	0	0	0.9515	0	0.0111	0	0	0.9997	0	0.0182	0	0	1	0	0.0248	0	0	1	0
549	Rutsiro_HS11_15	0.1129	0	0	0.4457	1	0.1011	0.6492	0.51	0	0	0.1234	0.5492	0.51	0	0	0.1719	0.4126	0.5	0	0
550	Rutsiro_HS12_15	0.5056	0	0	0.2174	0.0825	0.632	0	0	0	0	0.2807	0	0	0.9967	0.0642	0.3355	0	0	0.9968	0.0158
551	Rutsiro_HS13_15	0.4492	0	0	0.4108	0.2453	0.735	0	0	0	0	0.5495	0	0	0.9865	0.49	0.6689	0	0	0.986	0.072
552	Rutsiro_HS14_15	0.447	0	0	0.3537	0	0.5782	0	0	0	0	0.5431	0	0	0.9851	0	0.6443	0	0	0.9851	0
553	Rutsiro_HS15_15	0.0025	0	0	0	0	0.0025	0	0	0	0	0.0245	0	0	0	0	0.0245	0	0	0	0
554	Rutsiro_HS16_15	0.5751	0	0	0.3378	0	0.7354	0	0	0	0	0.7352	0	0	0.9732	0	0.8684	0	0	0.9732	0
555	Rutsiro_HS1_15	1.125	0.3379	0	0.661	0.2437	0.516	0	0	0.9959	0.0231	0.7246	0	0	0.9941	0.4403	0.9096	0	0	0.9941	0.1915
556	Rutsiro_HS2_15	0.5525	0	0	0.6877	0	0.879	0	0	0	0	0.4698	0	0	0.9944	0.0012	0.553	0	0	0.9944	0.0003
557	Rutsiro_HS3_15	0.3348	0	0	0.5995	0	0.459	0	0	0	0	0.3964	0.4456	0.54	0	0	0.3964	0.4456	0.54	0	0
558	Rutsiro_HS4_15	0.5917	0	0	0.5331	0	0.8596	0	0	0	0	0.4364	0	0	0.9975	0.0012	0.5329	0	0	0.9975	0.0003
559	Rutsiro_HS5_15	0.6133	0	0	0.2141	0	0.6932	0	0	0	0	0.4459	0	0	0.9901	0	0.4935	0	0	0.9901	0
560	Rutsiro_HS6_15	1.0255	0	0	0.761	0.1907	2.2815	0	0	0	0	1.0656	0	0	0.9869	0.3397	1.3263	0	0	0.9872	0.0656
561	Rutsiro_HS7_15	0.5358	0	0	0.6728	0	0.8507	0	0	0	0	0.5152	0	0	0.9954	0.0047	0.5977	0	0	0.9954	0.001
562	Rutsiro_HS8_15	0.5291	0	0	0.4488	0	0.7306	0	0	0	0	0.5509	0	0	0.9832	0	0.6477	0	0	0.9832	0
563	Rutsiro_HS9_15	0.3402	0	0	0.1963	0	0.3665	0	0	0	0	0.3773	0.5133	0.54	0	0	0.3773	0.5133	0.54	0	0
564	Rwabusoro_15	0.45	0	0	0.4102	0	0.5883	0	0	0	0	0.4916	0	0	0.9873	0	0.5814	0	0	0.9873	0
565	Rwamagana_HS0_15	1.1476	0.2174	0	0.1893	0.9532	0.4091	0	0	0.9983	0.2656	0.3989	0	0	0.9966	0.9605	0.5983	0	0	0.994	0.7437
566	Rwamagana_HS10_15	0.6211	0	0	0.5468	0	0.9295	0	0	0	0	0.4579	0	0	0.9816	0	0.5219	0	0	0.9816	0
567	Rwamagana_HS11_15	0.718	0.9015	0	0.2947	0.7284	0.2674	0	0	0.996	0.24	0.2828	0	0	0.9879	0.9377	0.389	0	0	0.9924	0.6622
568	Rwamagana_HS12_15	0.0012	0	0	0	0	0.0012	0	0	0	0	0.0117	0	0	0	0	0.0117	0	0	0	0
569	Rwamagana_HS13_15	0.4112	0.7728	0	0.3195	0.8722	0.2321	0.4403	0.52	0	0	0.1295	0.8419	0.55	0	0	0.2881	0.384	0.51	0	0
570	Rwamagana_HS14_15	1.0173	0.947	0	0.1996	0.9493	0.2881	0	0	0.9981	0.6459	0.2547	0	0	0.9996	0.9803	0.4034	0	0	0.9944	0.7752
571	Rwamagana_HS15_15	0.3478	0	0	0.1782	0	0.3913	0	0	0	0	0.2013	0	0	0.9952	0	0.2299	0	0	0.9952	0
572	Rwamagana_HS16_15	0.4554	0	0	0.348	0	0.523	0	0	0	0	0.3519	0	0	0.9833	0	0.3974	0	0	0.9833	0
573	Rwamagana_HS17_15	0.4691	0.3834	0	0.1262	0	0.6207	0	0	0	0	0.4029	0	0	0.9893	0.2905	0.4632	0	0	0.9882	0.0362
574	Rwamagana_HS18_15	0.6486	0.719	0	0.3254	0.6519	0.2551	0	0	0.9917	0.074	0.3113	0	0	0.9959	0.8252	0.3949	0	0	0.9933	0.3376
575	Rwamagana_HS19_15	0.8531	0.876	0	0.6328	0	1.4176	0	0	0	0	0.4062	0	0	0.9892	0.2033	0.4374	0	0	0.9903	0.0596
576	Rwamagana_HS1_15	0.9526	0	0	0.2158	0.1857	1.7383	0	0	0	0	0.599	0	0	0.9779	0.5601	0.6976	0	0	0.9795	0.1718
577	Rwamagana_HS20_15	0.2082	0	0	0	0	0.2082	0	0	0	0	0.304	0.5175	0.49	0	0	0.304	0.5175	0.49	0	0
578	Rwamagana_HS2_15	0.9574	0.4091	0.01	0.5632	0.9223	0.3074	0	0	0.9982	0.2836	0.4037	0	0	0.9833	0.8288	0.5189	0	0	0.9908	0.4838
579	Rwamagana_HS3_15	1.3882	0.305	0	0.4095	0.7969	0.4819	0	0	0.9954	0.0707	0.6506	0	0	0.9856	0.7222	1.0535	0.4541	0.54	0.642	0.5122
580	Rwamagana_HS4_15	0.8089	0.2506	0	0.4897	0.0207	1.321	0	0	0	0	0.4762	0	0	0.9916	0.1695	0.5395	0	0	0.9926	0.0467
581	Rwamagana_HS5_15	0.4426	0	0	0.532	0.449	0.9373	0	0	0	0	0.3316	0	0	0.975	0.5131	0.3869	0	0	0.9798	0.1704
582	Rwamagana_HS6_15	0.5342	0	0	0.0964	0	0.5408	0	0	0	0	0.4414	0.526	0.58	0	0	0.4414	0.526	0.58	0	0
583	Rwamagana_HS7_15	0.5922	1.1411	0	0.4583	0	0.8232	0	0	0	0	0.4503	0	0	0.9807	0	0.5169	0	0	0.9807	0
584	Rwamagana_HS8_15	0.9763	0.4217	0	0.3969	0.8884	0.394	0	0	0.9928	0.1758	0.3974	0	0	0.9768	0.9549	0.5667	0	0	0.985	0.6369
585	Rwamagana_HS9_15	1.5225	0.4953	0.003	0.7001	0.9836	0.5369	0	0	0.9949	0.7728	0.5171	0	0	0.9736	0.9872	0.7152	0	0	0.9954	0.8881
586	Rwinkwavu_15	0.8006	0	0	0.2222	0.4234	1.247	0	0	0	0	0.4596	0	0	0.994	0.3628	0.7147	0.3803	0.55	0.5953	0.1095
587	Shango_15	0.569	0.4619	0.0086	0.3266	0.3808	0.2097	0	0	0.9891	0.021	0.3298	0	0	0.9837	0.6009	0.4139	0	0	0.9781	0.1662
